RECTYPE,LEA,ESTAB,URN,SCHNAME,SCHNAME_AC,ADDRESS1,ADDRESS2,ADDRESS3,TOWN,PCODE,TELNUM,PCON_CODE,PCON_NAME,CONTFLAG,ICLOSE,NFTYPE,RELDENOM,ADMPOL,ADMPOL_PT,EGENDER,FEEDER,TABKS2,TAB1618,AGERANGE,TOTPUPS,NUMBOYS,NUMGIRLS,TPUP,BPUP,PBPUP,GPUP,PGPUP,KS2ASS,TPRIORLO,PTPRIORLO,TPRIORAV,PTPRIORAV,TPRIORHI,PTPRIORHI,TFSM6CLA1A,PTFSM6CLA1A,TNOTFSM6CLA1A,PTNOTFSM6CLA1A,TEALGRP2,PTEALGRP2,TEALGRP1,PTEALGRP1,TEALGRP3,PTEALGRP3,TNMOB,PTNMOB,SENE4,PSENE4,SEN_ALL4,PSEN_ALL4,SENK4,PSENK4,TOTATT8,ATT8SCR,TOTATT8ENG,ATT8SCRENG,TOTATT8MAT,ATT8SCRMAT,TOTATT8EBAC,ATT8SCREBAC,TOTATT8OPEN,ATT8SCROPEN,TOTATT8OPENG,ATT8SCROPENG,TOTATT8OPENNG,ATT8SCROPENNG,AVGEBACFILL,AVGOPENFILL,P8PUP,TP8ADJ,P8MEACOV,P8MEA,P8CILOW,P8CIUPP,P8MEA_ORIG,P8CILOW_ORIG,P8CIUPP_ORIG,P8MEAENG,P8MEAENG_CILOW,P8MEAENG_CIUPP,P8MEAMAT,P8MEAMAT_CILOW,P8MEAMAT_CIUPP,P8MEAEBAC,P8MEAEBAC_CILOW,P8MEAEBAC_CIUPP,P8MEAOPEN,P8MEAOPEN_CILOW,P8MEAOPEN_CIUPP,PTL2BASICS_94,PTL2BASICS_95,TOTEBACCAPS,EBACCAPS,EBACCAPS_FSM6CLA1A,EBACCAPS_NFSM6CLA1A,EBACCAPS_LO,EBACCAPS_MID,EBACCAPS_HI,EBACCAPS_EAL,EBACCAPS_GIRLS,EBACCAPS_BOYS,EBACCAPS_NMOB,EBACCAPS_20,EBACCAPS_FSM6CLA1A_20,EBACCAPS_NFSM6CLA1A_20,EBACCAPS_21,EBACCAPS_FSM6CLA1A_21,EBACCAPS_NFSM6CLA1A_21,TEBACC_E_PTQ_EE,PTEBACC_E_PTQ_EE,PTEBACC_94,PTEBACC_95,TEBACENG_E_PTQ_EE,PTEBACENG_E_PTQ_EE,TEBACMAT_E_PTQ_EE,PTEBACMAT_E_PTQ_EE,TEBAC2SCI_E_PTQ_EE,PTEBAC2SCI_E_PTQ_EE,TEBACHUM_E_PTQ_EE,PTEBACHUM_E_PTQ_EE,TEBACLAN_E_PTQ_EE,PTEBACLAN_E_PTQ_EE,PTEBACENG_94,PTEBACENG_95,PTEBACMAT_94,PTEBACMAT_95,PTEBAC2SCI_94,PTEBAC2SCI_95,PTEBACHUM_94,PTEBACHUM_95,PTEBACLAN_94,PTEBACLAN_95,SCIVAPUP_PTQ_EE,SCIVACOV_PTQ_EE,HUMVAPUP_PTQ_EE,HUMVACOV_PTQ_EE,LANVAPUP_PTQ_EE,LANVACOV_PTQ_EE,SCIVAMEA_PTQ_EE,SCIVALOW_PTQ_EE,SCIVAUPP_PTQ_EE,HUMVAMEA_PTQ_EE,HUMVALOW_PTQ_EE,HUMVAUPP_PTQ_EE,LANVAMEA_PTQ_EE,LANVALOW_PTQ_EE,LANVAUPP_PTQ_EE,TEBACENG_94,TEBACENG_95,TEBACMAT_94,TEBACMAT_95,TEBAC2SCI_94,TEBAC2SCI_95,TEBACHUM_94,TEBACHUM_95,TEBACLAN_94,TEBACLAN_95,TEBACC91,PTEBACC91,TEBACENG91,PTEBACENG91,TEBACMAT91,PTEBACMAT91,TEBAC2SCI91,PTEBAC2SCI91,TEBACHUM91,PTEBACHUM91,TEBACLAN91,PTEBACLAN91,ATT8SCR_FSM6CLA1A,P8PUP_FSM6CLA1A,TP8ADJ_FSM6CLA1A,P8MEA_FSM6CLA1A,P8CILOW_FSM6CLA1A,P8CIUPP_FSM6CLA1A,P8MEA_FSM6CLA1A_ORIG,P8CILOW_FSM6CLA1A_ORIG,P8CIUPP_FSM6CLA1A_ORIG,ATT8SCR_NFSM6CLA1A,P8PUP_NFSM6CLA1A,TP8ADJ_NFSM6CLA1A,P8MEA_NFSM6CLA1A,P8CILOW_NFSM6CLA1A,P8CIUPP_NFSM6CLA1A,P8MEA_NFSM6CLA1A_ORIG,P8CILOW_NFSM6CLA1A_ORIG,P8CIUPP_NFSM6CLA1A_ORIG,ATT8SCRENG_FSM6CLA1A,P8MEAENG_FSM6CLA1A,P8MEAENG_CILOW_FSM6CLA1A,P8MEAENG_CIUPP_FSM6CLA1A,ATT8SCRMAT_FSM6CLA1A,P8MEAMAT_FSM6CLA1A,P8MEAMAT_CILOW_FSM6CLA1A,P8MEAMAT_CIUPP_FSM6CLA1A,ATT8SCREBAC_FSM6CLA1A,P8MEAEBAC_FSM6CLA1A,P8MEAEBAC_CILOW_FSM6CLA1A,P8MEAEBAC_CIUPP_FSM6CLA1A,ATT8SCROPEN_FSM6CLA1A,P8MEAOPEN_FSM6CLA1A,P8MEAOPEN_CILOW_FSM6CLA1A,P8MEAOPEN_CIUPP_FSM6CLA1A,ATT8SCRENG_NFSM6CLA1A,P8MEAENG_NFSM6CLA1A,P8MEAENG_CILOW_NFSM6CLA1A,P8MEAENG_CIUPP_NFSM6CLA1A,ATT8SCRMAT_NFSM6CLA1A,P8MEAMAT_NFSM6CLA1A,P8MEAMAT_CILOW_NFSM6CLA1A,P8MEAMAT_CIUPP_NFSM6CLA1A,ATT8SCREBAC_NFSM6CLA1A,P8MEAEBAC_NFSM6CLA1A,P8MEAEBAC_CILOW_NFSM6CLA1A,P8MEAEBAC_CIUPP_NFSM6CLA1A,ATT8SCROPEN_NFSM6CLA1A,P8MEAOPEN_NFSM6CLA1A,P8MEAOPEN_CILOW_NFSM6CLA1A,P8MEAOPEN_CIUPP_NFSM6CLA1A,ATT8SCROPENG_FSM6CLA1A,ATT8SCROPENNG_FSM6CLA1A,ATT8SCROPENG_NFSM6CLA1A,ATT8SCROPENNG_NFSM6CLA1A,DIFFN_ATT8,DIFFN_P8MEA,ATT8SCR_LO,P8PUP_LO,TP8ADJ_LO,P8MEA_LO,P8CILOW_LO,P8CIUPP_LO,P8MEA_LO_ORIG,P8CILOW_LO_ORIG,P8CIUPP_LO_ORIG,ATT8SCR_MID,P8PUP_MID,TP8ADJ_MID,P8MEA_MID,P8CILOW_MID,P8CIUPP_MID,P8MEA_MID_ORIG,P8CILOW_MID_ORIG,P8CIUPP_MID_ORIG,ATT8SCR_HI,P8PUP_HI,TP8ADJ_HI,P8MEA_HI,P8CILOW_HI,P8CIUPP_HI,P8MEA_HI_ORIG,P8CILOW_HI_ORIG,P8CIUPP_HI_ORIG,ATT8SCR_EAL,ATT8SCRENG_EAL,ATT8SCRMAT_EAL,ATT8SCREBAC_EAL,ATT8SCROPEN_EAL,ATT8SCROPENG_EAL,ATT8SCROPENNG_EAL,P8PUP_EAL,TP8ADJ_EAL,P8MEA_EAL,P8CILOW_EAL,P8CIUPP_EAL,P8MEA_EAL_ORIG,P8CILOW_EAL_ORIG,P8CIUPP_EAL_ORIG,ATT8SCR_GIRLS,ATT8SCRENG_GIRLS,ATT8SCRMAT_GIRLS,ATT8SCREBAC_GIRLS,ATT8SCROPEN_GIRLS,ATT8SCROPENG_GIRLS,ATT8SCROPENNG_GIRLS,P8PUP_GIRLS,TP8ADJ_GIRLS,P8MEA_GIRLS,P8CILOW_GIRLS,P8CIUPP_GIRLS,P8MEA_GIRLS_ORIG,P8CILOW_GIRLS_ORIG,P8CIUPP_GIRLS_ORIG,ATT8SCR_BOYS,ATT8SCRENG_BOYS,ATT8SCRMAT_BOYS,ATT8SCREBAC_BOYS,ATT8SCROPEN_BOYS,ATT8SCROPENG_BOYS,ATT8SCROPENNG_BOYS,P8PUP_BOYS,TP8ADJ_BOYS,P8MEA_BOYS,P8CILOW_BOYS,P8CIUPP_BOYS,P8MEA_BOYS_ORIG,P8CILOW_BOYS_ORIG,P8CIUPP_BOYS_ORIG,ATT8SCR_NMOB,ATT8SCRENG_NMOB,ATT8SCRMAT_NMOB,ATT8SCREBAC_NMOB,ATT8SCROPEN_NMOB,ATT8SCROPENG_NMOB,ATT8SCROPENNG_NMOB,P8PUP_NMOB,TP8ADJ_NMOB,P8MEA_NMOB,P8CILOW_NMOB,P8CIUPP_NMOB,P8MEA_NMOB_ORIG,P8CILOW_NMOB_ORIG,P8CIUPP_NMOB_ORIG,ATT8SCR_20,P8PUP_20,P8MEA_20,P8CILOW_20,P8CIUPP_20,ATT8SCR_FSM6CLA1A_20,P8PUP_FSM6CLA1A_20,P8MEA_FSM6CLA1A_20,P8CILOW_FSM6CLA1A_20,P8CIUPP_FSM6CLA1A_20,ATT8SCR_NFSM6CLA1A_20,P8PUP_NFSM6CLA1A_20,P8MEA_NFSM6CLA1A_20,P8CILOW_NFSM6CLA1A_20,P8CIUPP_NFSM6CLA1A_20,ATT8SCR_21,P8PUP_21,P8MEA_21,P8CILOW_21,P8CIUPP_21,ATT8SCR_FSM6CLA1A_21,P8PUP_FSM6CLA1A_21,P8MEA_FSM6CLA1A_21,P8CILOW_FSM6CLA1A_21,P8CIUPP_FSM6CLA1A_21,ATT8SCR_NFSM6CLA1A_21,P8PUP_NFSM6CLA1A_21,P8MEA_NFSM6CLA1A_21,P8CILOW_NFSM6CLA1A_21,P8CIUPP_NFSM6CLA1A_21,TEBACC_ELO_PTQ_EE,PTEBACC_ELO_PTQ_EE,PTEBACCLO_94,PTEBACCLO_95,TEBACC_EAV_PTQ_EE,PTEBACC_EAV_PTQ_EE,PTEBACCAV_94,PTEBACCAV_95,TEBACC_EHI_PTQ_EE,PTEBACC_EHI_PTQ_EE,PTEBACCHI_94,PTEBACCHI_95,PTEBACC_EFSM6CLA1A_PTQ_EE,PTEBACC_ENFSM6CLA1A_PTQ_EE,PTEBACC_94_FSM6CLA1A,PTEBACC_95_FSM6CLA1A,PTEBACC_94_NFSM6CLA1A,PTEBACC_95_NFSM6CLA1A,SCIVAMEA_LO_PTQ_EE,SCIVAMEA_MID_PTQ_EE,SCIVAMEA_HI_PTQ_EE,SCIVAMEA_FSM6CLA1A_PTQ_EE,SCIVAMEA_NFSM6CLA1A_PTQ_EE,HUMVAMEA_LO_PTQ_EE,HUMVAMEA_MID_PTQ_EE,HUMVAMEA_HI_PTQ_EE,HUMVAMEA_FSM6CLA1A_PTQ_EE,HUMVAMEA_NFSM6CLA1A_PTQ_EE,LANVAMEA_LO_PTQ_EE,LANVAMEA_MID_PTQ_EE,LANVAMEA_HI_PTQ_EE,LANVAMEA_FSM6CLA1A_PTQ_EE,LANVAMEA_NFSM6CLA1A_PTQ_EE,SCIVAUPP_FSM6CLA1A_PTQ_EE,SCIVALOW_FSM6CLA1A_PTQ_EE,SCIVAUPP_NFSM6CLA1A_PTQ_EE,SCIVALOW_NFSM6CLA1A_PTQ_EE,SCIVAUPP_LO_PTQ_EE,SCIVALOW_LO_PTQ_EE,SCIVAUPP_MID_PTQ_EE,SCIVALOW_MID_PTQ_EE,SCIVAUPP_HI_PTQ_EE,SCIVALOW_HI_PTQ_EE,HUMVAUPP_FSM6CLA1A_PTQ_EE,HUMVALOW_FSM6CLA1A_PTQ_EE,HUMVAUPP_NFSM6CLA1A_PTQ_EE,HUMVALOW_NFSM6CLA1A_PTQ_EE,HUMVAUPP_LO_PTQ_EE,HUMVALOW_LO_PTQ_EE,HUMVAUPP_MID_PTQ_EE,HUMVALOW_MID_PTQ_EE,HUMVAUPP_HI_PTQ_EE,HUMVALOW_HI_PTQ_EE,LANVAUPP_FSM6CLA1A_PTQ_EE,LANVALOW_FSM6CLA1A_PTQ_EE,LANVAUPP_NFSM6CLA1A_PTQ_EE,LANVALOW_NFSM6CLA1A_PTQ_EE,LANVAUPP_LO_PTQ_EE,LANVALOW_LO_PTQ_EE,LANVAUPP_MID_PTQ_EE,LANVALOW_MID_PTQ_EE,LANVAUPP_HI_PTQ_EE,LANVALOW_HI_PTQ_EE,PTEBACC_E_20_PTQ_EE,PTEBACC_94_20,PTEBACC_95_20,PTEBACC_E_21_PTQ_EE,PTEBACC_94_21,PTEBACC_95_21,PBEBACC_E_PTQ_EE,PBEBACC_94,PBEBACC_95,PGEBACC_E_PTQ_EE,PGEBACC_94,PGEBACC_95,PTEBACC_ENMOB_PTQ_EE,PTEBACCNMOB_94,PTEBACCNMOB_95,PTEBACC_EEAL_PTQ_EE,PTEBACCEAL_94,PTEBACCEAL_95,PTEBACC_EFSM6CLA1A_20,PTEBACC_94_FSM6CLA1A_20,PTEBACC_95_FSM6CLA1A_20,PTEBACC_ENFSM6CLA1A_20,PTEBACC_94_NFSM6CLA1A_20,PTEBACC_95_NFSM6CLA1A_20,PTEBACC_EFSM6CLA1A_21,PTEBACC_94_FSM6CLA1A_21,PTEBACC_95_FSM6CLA1A_21,PTEBACC_ENFSM6CLA1A_21,PTEBACC_94_NFSM6CLA1A_21,PTEBACC_95_NFSM6CLA1A_21,PT5EM_94,PT5EM_94_20,PT5EM_94_21,PTANYQ_PTQ_EE,PTL2BASICS_94_20,PTL2BASICS_95_20,PTL2BASICS_94_21,PTL2BASICS_95_21,PTFSM6CLA1ABASICS_94,PTNOTFSM6CLA1ABASICS_94,TBASICSLO_94,PTBASICSLO_94,TBASICSAV_94,PTBASICSAV_94,TBASICSHI_94,PTBASICSHI_94,PBL2BASICS_94,PGL2BASICS_94,PTL2BASICSEAL_94,PTL2BASICSNMOB_94,PTFSM6CLA1ABASICS_95,PTNOTFSM6CLA1ABASICS_95,TBASICSLO_95,PTBASICSLO_95,TBASICSAV_95,PTBASICSAV_95,TBASICSHI_95,PTBASICSHI_95,PBL2BASICS_95,PGL2BASICS_95,PTL2BASICSEAL_95,PTL2BASICSNMOB_95,PTFSM6CLA1ABASICS_94_20,PTFSM6CLA1ABASICS_95_20,PTNOTFSMBASICS_94_20,PTNOTFSM6CLA1ABASICS_95_20,PTFSM6CLA1ABASICS_94_21,PTFSM6CLA1ABASICS_95_21,PTNOTFSM6CLA1ABASICS_94_21,PTNOTFSM6CLA1ABASICS_95_21,PTmultiLan_E,PTtripleSci_E,TFSM6CLA1A_20,PTFSM6CLA1A_20,TNOTFSM6CLA1A_20,PTNOTFSM6CLA1A_20,TFSM6CLA1A_21,PTFSM6CLA1A_21,TNOTFSM6CLA1A_21,PTNOTFSM6CLA1A_21,TAVENT_E_3NG_PTQ_EE,TAVENT_E_3NG_LO_PTQ_EE,TAVENT_E_3NG_MID_PTQ_EE,TAVENT_E_3NG_HI_PTQ_EE,TAVENT_E_3NG_FSM6CLA1A_PTQ_EE,TAVENT_E_3NG_NFSM6CLA1A_PTQ_EE,TAVENT_EFSM6CLA1A_20_PTQ_EE,TAVENT_ENFSM6CLA1A_20_PTQ_EE,TAVENT_EFSM6CLA1A_21_PTQ_EE,TAVENT_ENFSM6CLA1A_21_PTQ_EE,TAVENT_G_PTQ_EE,TAVENT_GLO_PTQ_EE,TAVENT_GAV_PTQ_EE,TAVENT_GHI_PTQ_EE,TAVENT_GFSM6CLA1A_PTQ_EE,TAVENT_GNFSM6CLA1A_PTQ_EE,TAVENT_GFSM6CLA1A_20_PTQ_EE,TAVENT_GNFSM6CLA1A_20_PTQ_EE,TAVENT_GFSM6CLA1A_21_PTQ_EE,TAVENT_GNFSM6CLA1A_21_PTQ_EE,TTOTENT_E_TOTAL_PTQ_EE,TTOTENT_E_COVID_IMPACTED_PTQ_EE,PTOTENT_E_COVID_IMPACTED_PTQ_EE
2,211,7168,100989,Beatrice Tate School,,41 Southern Grove,Mile End,,London,E3 4PX,02089833760,E14000882,Poplar and Limehouse,0,0,CYS,Does not apply,NA,NA,MIXED,0,0,0,11-19,110,64,46,13,9,69%,4,31%,71,9,100%,0,0%,0,0%,9,69%,4,31%,6,46%,7,54%,0,0%,10,77%,,,,,,,NE,NE,NE,NE,NE,NE,NE,NE,NE,NE,NE,NE,NE,NE,NE,NE,NE,NE,NE,NE,NE,NE,NE,NE,NE,NE,NE,NE,NE,NE,NE,NE,NE,NE,NE,NE,NE,NE,NE,NE,NE,SUPP,SUPP,NE,NE,NE,NE,SUPP,SUPP,NE,,,,,,,NE,NE,NE,NE,NE,NE,NE,NE,NE,NE,NE,NE,NE,NE,NE,NE,NE,NE,NE,NE,NE,NE,NE,NE,NE,NE,NE,NE,NE,NE,NE,NE,NE,NE,NE,NE,NE,NE,NE,NE,NE,NE,NE,NE,NE,NE,NE,NE,NE,NE,NE,NE,NE,NE,NE,NE,NE,NE,NE,NE,NE,SUPP,SUPP,SUPP,SUPP,SUPP,SUPP,SUPP,SUPP,SUPP,SUPP,SUPP,SUPP,SUPP,SUPP,SUPP,SUPP,SUPP,SUPP,SUPP,SUPP,SUPP,SUPP,SUPP,SUPP,SUPP,SUPP,SUPP,SUPP,SUPP,SUPP,SUPP,SUPP,SUPP,SUPP,SUPP,SUPP,SUPP,SUPP,SUPP,SUPP,SUPP,SUPP,SUPP,SUPP,SUPP,SUPP,SUPP,SUPP,SUPP,SUPP,SUPP,SUPP,SUPP,SUPP,SUPP,SUPP,NE,NE,NE,NE,NE,NE,NE,NE,NE,NE,NE,NE,NE,NE,NE,NE,NE,NE,NE,NE,NE,NE,NE,NE,NE,NE,NE,NE,NE,NE,NE,NE,NE,NE,SUPP,SUPP,SUPP,SUPP,SUPP,SUPP,SUPP,SUPP,SUPP,SUPP,SUPP,SUPP,SUPP,SUPP,SUPP,SUPP,SUPP,SUPP,SUPP,SUPP,SUPP,SUPP,SUPP,SUPP,SUPP,SUPP,SUPP,SUPP,SUPP,SUPP,SUPP,SUPP,SUPP,SUPP,SUPP,SUPP,SUPP,SUPP,NE,NE,NE,NE,NE,NE,NE,NE,NE,NE,NE,NE,NE,NE,NE,,,,,,,,,,,,,,,,,,,,,,,,,,,,,,,NE,NE,NE,NE,NE,NE,NE,NE,NE,NE,NE,NE,SUPP,SUPP,SUPP,SUPP,SUPP,SUPP,NE,NE,NE,SUPP,SUPP,NE,NE,NE,SUPP,SUPP,NE,NE,NE,SUPP,SUPP,SUPP,SUPP,SUPP,SUPP,NE,NE,NE,NE,NE,NE,SUPP,SUPP,SUPP,SUPP,NE,NE,NE,NE,NE,NE,SUPP,SUPP,SUPP,SUPP,NE,NE,NE,NE,NE,NE,,,,,,,SUPP,SUPP,SUPP,SUPP,SUPP,SUPP,NE,NE,NE,NE,NE,NE,,,,,,,,,,,,,NE,,,NE,,,,,SUPP,SUPP,NE,NE,NE,NE,NE,NE,SUPP,SUPP,NE,NE,SUPP,SUPP,NE,NE,NE,NE,NE,NE,SUPP,SUPP,NE,NE,,,,,,,,,NE,NE,,,,,,,,,NE,NE,NE,NE,SUPP,SUPP,,,,,NE,NE,NE,NE,SUPP,SUPP,,,,,NE,NE,NE
1,211,4298,133289,Bishop Challoner Boys' School,,352 Commercial Road,,,London,E1 0LB,02077919500,E14000882,Poplar and Limehouse,0,0,VA,Roman Catholic,NSE,OTHER NON SEL,BOYS,0,0,0,11-16,566,566,0,120,120,100%,0,0%,103.5,26,22%,69,59%,22,19%,60,50%,60,50%,29,24%,90,75%,1,1%,117,98%,6,5%,13,11%,7,6%,5237.5,43.6,1177,9.8,1062,8.9,1463.5,12.2,1535,12.8,1356.5,11.3,178.5,1.5,2.8,2.8,117,0,98%,-0.61,-0.87,-0.36,-0.61,-0.87,-0.35,-0.42,-0.71,-0.12,-0.4,-0.68,-0.12,-0.74,-1.04,-0.45,-0.75,-1.05,-0.46,60%,40%,446.15,3.72,3.29,4.14,2,3.63,5.6,4.63,NE,3.72,3.8,,,,,,,37,31%,13%,10%,114,95%,117,98%,117,98%,108,90%,37,31%,73%,63%,65%,47%,59%,36%,58%,44%,43%,38%,114,97%,105,97%,34,92%,-0.71,-0.98,-0.44,-0.94,-1.29,-0.6,-1.46,-2.11,-0.8,88,75,78,56,69,42,63,48,16,14,31,26%,114,95%,115,96%,116,99%,100,93%,32,86%,38.9,59,0,-0.74,-1.1,-0.38,-0.74,-1.1,-0.37,48.4,58,0,-0.49,-0.85,-0.12,-0.49,-0.86,-0.12,8.8,-0.63,-1.04,-0.22,8,-0.45,-0.84,-0.06,10.8,-0.82,-1.23,-0.4,11.4,-0.92,-1.33,-0.5,10.9,-0.2,-0.61,0.22,9.7,-0.35,-0.74,0.05,13.6,-0.67,-1.09,-0.25,14.2,-0.59,-1.01,-0.17,10,1.4,12.6,1.6,-13.9,-0.89,25.1,26,0,-0.73,-1.27,-0.19,-0.73,-1.28,-0.17,43.2,69,0,-0.62,-0.95,-0.28,-0.62,-0.96,-0.28,63.7,22,0,-0.46,-1.05,0.13,-0.46,-1.06,0.14,51,11.2,10.7,14.7,14.4,13.9,0.5,27,0,-0.22,-0.75,0.31,-0.22,-0.77,0.32,NE,NE,NE,NE,NE,NE,NE,NE,NE,NE,NE,NE,NE,NE,NE,43.6,9.8,8.9,12.2,12.8,11.3,1.5,117,0,-0.61,-0.87,-0.36,-0.61,-0.87,-0.35,44.6,10,9,12.5,13.1,11.6,1.5,114,0,-0.55,-0.81,-0.29,-0.55,-0.81,-0.28,,,,,,,,,,,,,,,,,,,,,,,,,,,,,,,4,15%,0%,0%,21,30%,10%,7%,9,41%,23%,18%,27%,35%,10%,7%,15%,13%,-0.62,-0.79,-0.56,-0.76,-0.67,-1.05,-0.98,-0.75,-1.13,-0.77,SUPP,-1.27,-1.95,-1.26,-1.61,-0.38,-1.14,-0.29,-1.05,-0.04,-1.21,-0.45,-1.14,0.05,-1.17,-0.63,-1.62,-0.29,-1.25,-0.24,-1.86,-0.54,-1.42,0.02,-1.52,-0.27,-2.25,-0.74,-2.49,SUPP,SUPP,-0.44,-2.11,-0.68,-3.23,,,,,,,31%,13%,10%,NE,NE,NE,32%,13%,10%,48%,34%,28%,,,,,,,,,,,,,58%,,,98%,,,,,48%,72%,4,15%,44,64%,21,95%,60%,NE,76%,62%,32%,48%,2,8%,23,33%,20,91%,40%,NE,59%,41%,,,,,,,,,3%,18%,,,,,,,,,7.9,6.7,8,8.7,7.7,8.1,,,,,7.3,6,7.5,8.2,7.1,7.5,,,,,997,2,0%
1,211,4726,100978,Bishop Challoner Girls' School,,352 Commercial Road,,,London,E1 0LB,02077919500,E14000882,Poplar and Limehouse,0,0,VA,Roman Catholic,NSE,OTHER NON SEL,GIRLS,0,0,1,11-18,911,102,809,144,0,0%,144,100%,104.5,26,19%,84,62%,26,19%,73,51%,71,49%,43,30%,101,70%,0,0%,142,99%,2,1%,15,10%,13,9%,7043.8,48.9,1581,11,1252,8.7,1895.5,13.2,2315.3,16.1,1963.5,13.6,351.8,2.4,2.9,2.9,136,1,94%,-0.16,-0.4,0.07,-0.17,-0.41,0.08,0.14,-0.13,0.41,-0.59,-0.85,-0.33,-0.55,-0.82,-0.27,0.29,0.02,0.57,64%,44%,581.15,4.04,3.62,4.46,2.4,4.02,5.74,4.73,4.04,NE,4.07,,,,,,,60,42%,19%,12%,135,94%,143,99%,141,98%,138,96%,62,43%,87%,74%,66%,44%,58%,39%,67%,52%,60%,48%,134,95%,131,95%,58,94%,-0.76,-1.01,-0.51,-0.56,-0.87,-0.25,-0.89,-1.39,-0.39,125,107,95,64,82,55,93,72,37,30,46,32%,135,94%,140,97%,139,99%,137,99%,49,79%,44.3,71,1,-0.27,-0.6,0.05,-0.28,-0.61,0.05,53.6,65,0,-0.04,-0.38,0.3,-0.04,-0.39,0.31,9.9,-0.12,-0.49,0.25,7.7,-0.71,-1.07,-0.35,11.8,-0.62,-1.01,-0.24,15,0.25,-0.13,0.63,12.1,0.43,0.04,0.82,9.7,-0.46,-0.83,-0.09,14.6,-0.47,-0.87,-0.07,17.1,0.35,-0.05,0.74,12.4,2.6,14.9,2.2,-8.5,-0.42,31.7,26,0,-0.08,-0.62,0.46,-0.08,-0.63,0.47,49.4,84,1,-0.16,-0.46,0.14,-0.17,-0.47,0.14,66.5,26,0,-0.25,-0.79,0.29,-0.25,-0.8,0.3,54.5,11.4,10,15.5,17.4,14.1,3.3,38,0,0.08,-0.36,0.53,0.08,-0.37,0.54,48.9,11,8.7,13.2,16.1,13.6,2.4,136,1,-0.16,-0.4,0.07,-0.17,-0.41,0.08,NE,NE,NE,NE,NE,NE,NE,NE,NE,NE,NE,NE,NE,NE,NE,49.3,11.1,8.7,13.3,16.2,13.8,2.4,135,0,-0.13,-0.37,0.11,-0.13,-0.37,0.11,,,,,,,,,,,,,,,,,,,,,,,,,,,,,,,8,31%,4%,4%,32,38%,14%,7%,16,62%,46%,31%,38%,45%,16%,11%,21%,13%,-0.71,-0.67,-1.11,-0.82,-0.69,-0.46,-0.57,-0.6,-0.57,-0.55,-0.7,-0.74,-1.31,0.19,-1.9,-0.48,-1.17,-0.33,-1.05,-0.14,-1.27,-0.35,-0.98,-0.54,-1.67,-0.13,-1,-0.11,-0.99,0.26,-1.18,-0.18,-0.97,0.09,-1.3,0.91,-0.53,-1.2,-2.6,0.51,-1.91,-0.07,-1.42,-0.35,-2.27,,,,,,,NE,NE,NE,42%,19%,12%,42%,19%,12%,63%,33%,23%,,,,,,,,,,,,,61%,,,99%,,,,,53%,75%,3,12%,60,71%,24,92%,NE,64%,79%,64%,34%,54%,1,4%,36,43%,23,88%,NE,44%,53%,44%,,,,,,,,,3%,19%,,,,,,,,,8.7,8.1,8.6,9.4,8.4,8.9,,,,,8.1,7.6,8.1,8.7,7.8,8.3,,,,,1287,6,0%
1,211,4024,100965,Bow School,,44 Twelvetrees Crescent,Bow,,London,E3 3QW,02075365525,E14000882,Poplar and Limehouse,0,0,CY,Does not apply,NSE,OTHER NON SEL,MIXED,0,0,1,11-18,1205,800,405,224,153,68%,71,32%,104.4,46,22%,117,57%,43,21%,113,50%,111,50%,167,75%,55,25%,2,1%,220,98%,8,4%,30,13%,22,10%,11569.5,51.6,2429,10.8,2288,10.2,3373.5,15.1,3479,15.5,3058,13.7,421,1.9,2.9,2.9,206,2,92%,0.05,-0.14,0.24,0.05,-0.15,0.24,0.03,-0.19,0.25,0.16,-0.05,0.37,0.01,-0.21,0.23,0.03,-0.2,0.25,77%,53%,987.34,4.41,4.01,4.81,3.26,4.25,5.81,4.54,4.7,4.27,4.43,,,,,,,67,30%,19%,13%,220,98%,221,99%,220,98%,175,78%,93,42%,85%,72%,82%,59%,74%,56%,65%,49%,80%,73%,203,92%,164,94%,80,86%,0.04,-0.16,0.24,-0.52,-0.8,-0.25,0.23,-0.19,0.66,191,162,183,132,163,123,114,86,74,68,65,29%,220,98%,219,98%,217,99%,169,97%,93,100%,47.6,110,1,-0.06,-0.33,0.2,-0.06,-0.33,0.21,55.7,96,1,0.18,-0.1,0.46,0.18,-0.11,0.46,10.3,-0.04,-0.34,0.26,9.5,0.12,-0.17,0.4,13.6,-0.14,-0.44,0.17,14.3,-0.12,-0.43,0.18,11.4,0.1,-0.22,0.43,10.9,0.21,-0.1,0.51,16.6,0.18,-0.15,0.51,16.8,0.2,-0.13,0.52,12.3,2,15,1.8,-5.2,-0.21,39.2,46,0,0.69,0.28,1.09,0.69,0.27,1.1,50.6,117,2,-0.1,-0.35,0.16,-0.1,-0.36,0.16,66.8,43,0,-0.22,-0.64,0.2,-0.22,-0.65,0.21,53.1,11,10.6,15.6,16,14.4,1.5,150,1,0.23,0,0.45,0.23,0,0.46,54.1,12.2,9.8,15.2,16.8,15.5,1.3,67,1,0.19,-0.15,0.53,0.19,-0.16,0.53,50.5,10.2,10.4,15,15,12.8,2.2,139,1,-0.02,-0.25,0.22,-0.02,-0.26,0.22,52,10.9,10.3,15.1,15.6,13.7,1.9,203,1,0.08,-0.12,0.27,0.08,-0.12,0.27,,,,,,,,,,,,,,,,,,,,,,,,,,,,,,,11,24%,9%,4%,30,26%,17%,9%,17,40%,28%,23%,25%,35%,12%,8%,26%,17%,0.7,-0.07,-0.36,0.02,0.06,-0.04,-0.65,-0.7,-0.69,-0.33,2,0.06,-0.31,0.08,0.36,0.3,-0.25,0.36,-0.23,1.12,0.27,0.2,-0.33,0.08,-0.8,-0.31,-1.06,0.08,-0.73,0.55,-0.63,-0.29,-1,-0.02,-1.38,0.71,-0.56,0.94,-0.21,3.06,0.93,0.69,-0.57,0.39,-1.01,,,,,,,24%,13%,7%,44%,32%,25%,30%,19%,13%,31%,20%,14%,,,,,,,,,,,,,71%,,,99%,,,,,72%,82%,22,48%,96,82%,41,95%,76%,79%,79%,77%,46%,59%,11,24%,59,50%,38,88%,51%,56%,56%,53%,,,,,,,,,5%,23%,,,,,,,,,8.4,8,8.1,9.4,8.2,8.6,,,,,8,7.5,7.8,9.1,7.8,8.3,,,,,1889,6,0%
2,211,7084,100986,Bowden House School,,Firle Road,,,Seaford,BN25 2JB,01323893138,E14000786,Lewes,0,0,CYS,Does not apply,NA,NA,BOYS,0,1,0,9-18,40,40,0,8,8,100%,0,0%,90.3,4,67%,2,33%,0,0%,7,88%,1,13%,2,25%,6,75%,0,0%,8,100%,,,,,,,159,19.9,32,4,38,4.8,0,0,89,11.1,89,11.1,0,0,0,2,6,0,75%,-0.95,-2.07,0.18,-0.95,-2.1,0.2,-1.33,-2.61,-0.04,-0.12,-1.35,1.1,-2.66,-3.97,-1.35,0.47,-0.84,1.77,0%,0%,3.16,0.4,SUPP,SUPP,SUPP,SUPP,NE,SUPP,NE,0.4,0.4,,,,,,,0,0%,0%,0%,0,0%,8,100%,0,0%,0,0%,0,0%,0%,0%,0%,0%,NE,NE,NE,NE,NE,NE,,NE,,NE,,NE,NE,NE,NE,NE,NE,NE,NE,NE,NE,0,0,0,0,NE,NE,NE,NE,NE,NE,0,0%,0,0%,7,88%,NE,NE,NE,NE,NE,NE,SUPP,SUPP,SUPP,SUPP,SUPP,SUPP,SUPP,SUPP,SUPP,SUPP,SUPP,SUPP,SUPP,SUPP,SUPP,SUPP,SUPP,SUPP,SUPP,SUPP,SUPP,SUPP,SUPP,SUPP,SUPP,SUPP,SUPP,SUPP,SUPP,SUPP,SUPP,SUPP,SUPP,SUPP,SUPP,SUPP,SUPP,SUPP,SUPP,SUPP,SUPP,SUPP,SUPP,SUPP,SUPP,SUPP,SUPP,SUPP,SUPP,SUPP,SUPP,SUPP,SUPP,SUPP,SUPP,SUPP,SUPP,SUPP,SUPP,SUPP,SUPP,SUPP,SUPP,SUPP,SUPP,SUPP,SUPP,SUPP,SUPP,SUPP,SUPP,SUPP,SUPP,SUPP,NE,NE,NE,NE,NE,NE,NE,NE,NE,SUPP,SUPP,SUPP,SUPP,SUPP,SUPP,SUPP,SUPP,SUPP,SUPP,SUPP,SUPP,SUPP,SUPP,SUPP,NE,NE,NE,NE,NE,NE,NE,NE,NE,NE,NE,NE,NE,NE,NE,19.9,4,4.8,0,11.1,11.1,0,6,0,-0.95,-2.07,0.18,-0.95,-2.1,0.2,19.9,4,4.8,0,11.1,11.1,0,6,0,-0.95,-2.07,0.18,-0.95,-2.1,0.2,,,,,,,,,,,,,,,,,,,,,,,,,,,,,,,SUPP,SUPP,SUPP,SUPP,SUPP,SUPP,SUPP,SUPP,NE,NE,NE,NE,SUPP,SUPP,SUPP,SUPP,SUPP,SUPP,SUPP,SUPP,NE,SUPP,SUPP,SUPP,SUPP,NE,SUPP,SUPP,SUPP,SUPP,NE,SUPP,SUPP,SUPP,SUPP,SUPP,SUPP,SUPP,SUPP,SUPP,SUPP,NE,NE,SUPP,SUPP,SUPP,SUPP,SUPP,SUPP,SUPP,SUPP,NE,NE,SUPP,SUPP,SUPP,SUPP,SUPP,SUPP,SUPP,SUPP,NE,NE,,,,,,,0%,0%,0%,NE,NE,NE,0%,0%,0%,SUPP,SUPP,SUPP,,,,,,,,,,,,,0%,,,100%,,,,,SUPP,SUPP,SUPP,SUPP,SUPP,SUPP,NE,NE,0%,NE,SUPP,0%,SUPP,SUPP,SUPP,SUPP,SUPP,SUPP,NE,NE,0%,NE,SUPP,0%,,,,,,,,,0%,0%,,,,,,,,,4,SUPP,SUPP,NE,SUPP,SUPP,,,,,4,SUPP,SUPP,NE,SUPP,SUPP,,,,,33,1,3%
1,211,4003,142879,Canary Wharf College 3,,7 Selsdon Way,,,London,E14 9GL,02033836100,E14000882,Poplar and Limehouse,0,0,F,None,NR,OTHER NON SEL,MIXED,0,0,0,11-19,404,188,216,33,19,58%,14,42%,106.3,5,16%,15,48%,11,35%,15,45%,18,55%,18,55%,15,45%,0,0%,33,100%,1,3%,10,30%,9,27%,1913,58,432,13.1,372,11.3,594,18,515,15.6,500,15.2,15,0.5,2.9,2.8,31,1,94%,0.45,-0.05,0.94,0.38,-0.12,0.89,0.89,0.32,1.46,0.31,-0.23,0.85,0.71,0.13,1.28,-0.23,-0.8,0.35,76%,58%,186.66,5.66,4.61,6.53,SUPP,5.62,6.92,6.41,5.95,5.44,5.66,,,,,,,27,82%,55%,45%,33,100%,33,100%,33,100%,30,91%,28,85%,88%,73%,76%,61%,73%,61%,80%,73%,79%,68%,31,94%,28,93%,26,93%,0.31,-0.21,0.83,0.89,0.22,1.56,0.52,-0.23,1.27,29,24,25,20,24,20,24,22,22,19,26,79%,33,100%,33,100%,32,97%,30,100%,28,100%,47.1,13,1,-0.43,-1.2,0.33,-0.58,-1.36,0.2,67,18,0,1.08,0.43,1.73,1.08,0.42,1.74,11.1,0.06,-0.81,0.94,9.2,-0.62,-1.45,0.21,14.7,-0.25,-1.14,0.64,12.1,-1.31,-2.2,-0.42,14.8,1.49,0.74,2.23,13,0.98,0.27,1.69,20.7,1.4,0.64,2.15,18.5,0.56,-0.2,1.31,11.7,0.5,18.1,0.4,-5.7,-0.58,SUPP,SUPP,SUPP,SUPP,SUPP,SUPP,SUPP,SUPP,SUPP,57.8,15,0,0.53,-0.18,1.24,0.53,-0.2,1.26,71.3,11,1,0.57,-0.26,1.4,0.4,-0.45,1.25,65.2,14.4,12.6,20.4,17.8,17.1,0.7,17,0,1.12,0.45,1.79,1.12,0.44,1.81,61.2,14.1,11,19,17.1,17.1,0,14,0,0.61,-0.13,1.34,0.61,-0.15,1.36,55.6,12.3,11.5,17.3,14.5,13.7,0.8,17,1,0.31,-0.36,0.98,0.2,-0.48,0.89,58,13.1,11.3,18,15.6,15.2,0.5,31,1,0.45,-0.05,0.94,0.38,-0.12,0.89,,,,,,,,,,,,,,,,,,,,,,,,,,,,,,,SUPP,SUPP,SUPP,SUPP,12,80%,47%,33%,10,91%,82%,82%,60%,100%,40%,33%,67%,56%,SUPP,0.68,0.06,-0.43,0.85,SUPP,0.86,1.14,0.24,1.25,SUPP,-0.13,0.6,0.35,0.6,0.36,-1.23,1.53,0.17,SUPP,SUPP,1.42,-0.06,0.92,-0.81,1.35,-0.88,2.08,0.42,SUPP,SUPP,1.77,-0.05,2.26,0.03,1.7,-1,1.5,-0.31,SUPP,SUPP,0.98,-1.23,1.81,-0.61,,,,,,,79%,58%,42%,86%,50%,50%,82%,55%,45%,89%,67%,56%,,,,,,,,,,,,,73%,,,100%,,,,,53%,94%,SUPP,SUPP,13,87%,10,91%,79%,71%,83%,76%,40%,72%,SUPP,SUPP,8,53%,9,82%,63%,50%,67%,58%,,,,,,,,,18%,61%,,,,,,,,,8.2,SUPP,8.2,8.8,7.3,8.9,,,,,8.1,SUPP,8.1,8.7,7.2,8.8,,,,,271,4,1%
1,211,4507,100975,Central Foundation Girls' School,,Bow Road,,,London,E3 2AE,02089811131,E14000555,Bethnal Green and Bow,0,0,VA,None,NSE,OTHER NON SEL,GIRLS,0,0,1,11-19,1551,0,1551,237,0,0%,237,100%,104.9,49,21%,125,54%,59,25%,113,48%,124,52%,132,56%,104,44%,1,0%,236,100%,3,1%,14,6%,11,5%,13734.8,58,2965,12.5,2536,10.7,3915,16.5,4318.8,18.2,4158.5,17.5,160.3,0.7,2.9,3,233,1,98%,0.59,0.41,0.77,0.59,0.4,0.77,0.74,0.53,0.95,0.29,0.09,0.49,0.44,0.23,0.65,0.84,0.63,1.05,83%,67%,1204.93,5.08,4.65,5.48,3.17,4.95,6.84,5.1,5.08,NE,5.09,,,,,,,112,47%,37%,31%,236,100%,237,100%,235,99%,186,78%,154,65%,95%,86%,84%,69%,76%,60%,78%,68%,93%,83%,231,98%,182,98%,150,97%,0.09,-0.1,0.28,0.54,0.28,0.8,1.13,0.81,1.44,225,204,198,163,179,142,146,127,143,128,110,46%,236,100%,233,98%,226,96%,185,99%,152,99%,54.5,112,0,0.54,0.27,0.8,0.54,0.27,0.8,61.1,121,1,0.64,0.39,0.89,0.64,0.38,0.89,12.1,0.77,0.47,1.07,10,0.27,-0.02,0.55,15.2,0.34,0.04,0.64,17.2,0.75,0.45,1.05,12.9,0.71,0.43,1,11.3,0.31,0.04,0.58,17.7,0.53,0.24,0.82,19.2,0.92,0.63,1.21,16.4,0.8,18.6,0.6,1.7,0.39,39.7,49,0,0.71,0.31,1.1,0.71,0.3,1.11,57.3,125,0,0.64,0.4,0.89,0.64,0.39,0.89,73.8,59,1,0.38,0.02,0.74,0.38,0.01,0.75,57.8,12.5,10.5,16.7,18.1,17.3,0.8,128,0,0.69,0.45,0.94,0.69,0.44,0.94,58,12.5,10.7,16.5,18.2,17.5,0.7,233,1,0.59,0.41,0.77,0.59,0.4,0.77,NE,NE,NE,NE,NE,NE,NE,NE,NE,NE,NE,NE,NE,NE,NE,58,12.5,10.7,16.5,18.2,17.6,0.6,232,1,0.59,0.41,0.77,0.59,0.41,0.78,,,,,,,,,,,,,,,,,,,,,,,,,,,,,,,12,24%,6%,6%,56,45%,33%,25%,40,68%,68%,63%,39%,55%,27%,20%,45%,41%,-0.06,0.12,0.16,-0.01,0.19,0.51,0.41,0.83,0.24,0.81,0.88,1.31,0.97,0.91,1.29,0.26,-0.29,0.45,-0.07,0.35,-0.48,0.38,-0.14,0.54,-0.22,0.62,-0.13,1.17,0.45,1.16,-0.15,0.76,0.06,1.33,0.33,1.39,0.44,1.71,0.88,1.61,0.16,1.75,0.87,1.54,0.41,,,,,,,NE,NE,NE,47%,37%,31%,47%,37%,31%,48%,36%,32%,,,,,,,,,,,,,79%,,,100%,,,,,79%,87%,22,45%,112,90%,59,100%,NE,83%,84%,83%,63%,71%,10,20%,88,70%,57,97%,NE,67%,64%,67%,,,,,,,,,3%,27%,,,,,,,,,8.5,7.8,8.3,9.3,8.2,8.7,,,,,8.3,7.4,8.2,9.3,8,8.5,,,,,2006,1,0%
1,211,6006,139601,The Complete Works,,"3rd Floor, Universal House",88-94 Wentworth St,London,,E1 7SA,02073770280,E14000555,Bethnal Green and Bow,0,0,IND,None,,NA,MIXED,0,0,1,5-18,72,47,25,16,8,50%,8,50%,NP,NP,NP,NP,NP,NP,NP,NP,NP,NP,NP,NP,NP,NP,NP,NP,NP,NP,NP,NA,NA,NA,NA,NA,NA,121.8,7.6,50,3.1,32,2,13,0.8,26.8,1.7,25,1.6,1.8,0.1,0.3,0.6,NP,NP,NP,NP,NP,NP,NP,NP,NP,NP,NP,NP,NP,NP,NP,NP,NP,NP,NP,NP,NP,0%,0%,6.19,0.39,NP,NP,NP,NP,NP,NP,0.48,0.29,NP,,,,,,,0,0%,0%,0%,5,31%,13,81%,0,0%,0,0%,1,6%,13%,13%,0%,0%,NE,NE,NE,NE,SUPP,SUPP,NP,NP,NP,NP,NP,NP,NP,NP,NP,NP,NP,NP,NP,NP,NP,2,2,0,0,NE,NE,NE,NE,SUPP,SUPP,0,0%,4,25%,10,63%,NE,NE,NE,NE,SUPP,SUPP,NP,NP,NP,NP,NP,NP,NP,NP,NP,NP,NP,NP,NP,NP,NP,NP,NP,NP,NP,NP,NP,NP,NP,NP,NP,NP,NP,NP,NP,NP,NP,NP,NP,NP,NP,NP,NP,NP,NP,NP,NP,NP,NP,NP,NP,NP,NP,NP,NP,NP,NP,NP,NP,NP,NP,NP,NP,NP,NP,NP,NP,NP,NP,NP,NP,NP,NP,NP,NP,NP,NP,NP,NP,NP,NP,NP,NP,NP,NP,NP,NP,NP,NP,NP,NP,NP,NP,NP,NP,NP,NP,NP,NP,NP,NP,NP,NP,NP,9.5,4,2.5,1.3,1.8,1.8,0,NP,NP,NP,NP,NP,NP,NP,NP,5.7,2.3,1.5,0.4,1.6,1.4,0.2,NP,NP,NP,NP,NP,NP,NP,NP,NP,NP,NP,NP,NP,NP,NP,NP,NP,NP,NP,NP,NP,NP,NP,,,,,,,,,,,,,,,,,,,,,,,,,,,,,,,NP,NP,NP,NP,NP,NP,NP,NP,NP,NP,NP,NP,NP,NP,NP,NP,NP,NP,NP,NP,NP,NP,NP,NP,NP,NP,NP,NP,NP,NP,NP,NP,NP,NP,NP,NP,NP,NP,NP,NP,NP,NP,NP,NP,NP,NP,NP,NP,NP,NP,NP,NP,NP,NP,NP,NP,NP,NP,NP,NP,NP,NP,NP,,,,,,,0%,0%,0%,0%,0%,0%,NP,NP,NP,NP,NP,NP,,,,,,,,,,,,,0%,,,81%,,,,,NP,NP,NP,NP,NP,NP,NP,NP,0%,0%,NP,NP,NP,NP,NP,NP,NP,NP,NP,NP,0%,0%,NP,NP,,,,,,,,,0%,0%,,,,,,,,,2.8,NP,NP,NP,NP,NP,,,,,2.8,NP,NP,NP,NP,NP,,,,,54,10,19%
1,211,6389,131745,Darul Hadis Latifiah,,1 Cornwall Avenue,,,London,E2 0HW,02089833663,E14000555,Bethnal Green and Bow,0,0,IND,None,,NA,BOYS,0,0,1,11-20,127,127,0,18,18,100%,0,0%,NP,NP,NP,NP,NP,NP,NP,NP,NP,NP,NP,NP,NP,NP,NP,NP,NP,NP,NP,NA,NA,NA,NA,NA,NA,1220,67.8,242,13.4,262,14.6,393,21.8,323,17.9,323,17.9,0,0,3,3,NP,NP,NP,NP,NP,NP,NP,NP,NP,NP,NP,NP,NP,NP,NP,NP,NP,NP,NP,NP,NP,94%,94%,123.33,6.85,NP,NP,NP,NP,NP,NP,NE,6.85,NP,,,,,,,18,100%,83%,56%,18,100%,18,100%,18,100%,18,100%,18,100%,100%,100%,94%,94%,100%,100%,89%,78%,100%,72%,NP,NP,NP,NP,NP,NP,NP,NP,NP,NP,NP,NP,NP,NP,NP,18,18,17,17,18,18,16,14,18,13,17,94%,18,100%,17,94%,18,100%,18,100%,18,100%,NP,NP,NP,NP,NP,NP,NP,NP,NP,NP,NP,NP,NP,NP,NP,NP,NP,NP,NP,NP,NP,NP,NP,NP,NP,NP,NP,NP,NP,NP,NP,NP,NP,NP,NP,NP,NP,NP,NP,NP,NP,NP,NP,NP,NP,NP,NP,NP,NP,NP,NP,NP,NP,NP,NP,NP,NP,NP,NP,NP,NP,NP,NP,NP,NP,NP,NP,NP,NP,NP,NP,NP,NP,NP,NP,NP,NP,NP,NP,NP,NP,NP,NP,NP,NP,NP,NP,NP,NP,NP,NP,NP,NP,NP,NP,NP,NP,NP,NE,NE,NE,NE,NE,NE,NE,NP,NP,NP,NP,NP,NP,NP,NP,67.8,13.4,14.6,21.8,17.9,17.9,0,NP,NP,NP,NP,NP,NP,NP,NP,NP,NP,NP,NP,NP,NP,NP,NP,NP,NP,NP,NP,NP,NP,NP,,,,,,,,,,,,,,,,,,,,,,,,,,,,,,,NP,NP,NP,NP,NP,NP,NP,NP,NP,NP,NP,NP,NP,NP,NP,NP,NP,NP,NP,NP,NP,NP,NP,NP,NP,NP,NP,NP,NP,NP,NP,NP,NP,NP,NP,NP,NP,NP,NP,NP,NP,NP,NP,NP,NP,NP,NP,NP,NP,NP,NP,NP,NP,NP,NP,NP,NP,NP,NP,NP,NP,NP,NP,,,,,,,100%,83%,56%,NE,NE,NE,NP,NP,NP,NP,NP,NP,,,,,,,,,,,,,94%,,,100%,,,,,NP,NP,NP,NP,NP,NP,NP,NP,94%,NE,NP,NP,NP,NP,NP,NP,NP,NP,NP,NP,94%,NE,NP,NP,,,,,,,,,6%,6%,,,,,,,,,7.2,NP,NP,NP,NP,NP,,,,,7.2,NP,NP,NP,NP,NP,,,,,129,1,1%
1,211,4505,100974,George Green's School,,100 Manchester Road,Isle of Dogs,,London,E14 3DW,02079876032,E14000882,Poplar and Limehouse,0,0,VC,None,NSE,OTHER NON SEL,MIXED,0,0,1,11-19,1230,625,605,205,90,44%,115,56%,101.7,69,35%,105,54%,22,11%,135,66%,70,34%,148,72%,57,28%,0,0%,198,97%,9,4%,52,25%,43,21%,9832.8,48,2174,10.6,1938,9.5,2871.5,14,2849.3,13.9,2734,13.3,115.3,0.6,2.8,2.7,196,3,96%,0.22,0.03,0.42,0.21,0.01,0.41,0.37,0.14,0.59,0.32,0.11,0.54,0.24,0.02,0.47,-0.01,-0.24,0.22,65%,51%,822.35,4.01,3.78,4.45,2.86,4.47,5.39,4.44,4.34,3.59,4.03,,,,,,,34,17%,10%,8%,196,96%,201,98%,199,97%,129,63%,74,36%,78%,67%,69%,55%,59%,44%,68%,56%,81%,73%,190,95%,126,98%,69,93%,0.05,-0.15,0.26,0.52,0.21,0.84,1.03,0.57,1.49,160,137,142,113,117,88,88,72,60,54,32,16%,193,94%,197,96%,192,96%,125,97%,72,97%,45.7,133,3,0.03,-0.21,0.27,0.01,-0.23,0.26,52.3,63,0,0.62,0.28,0.97,0.62,0.27,0.98,10.3,0.22,-0.05,0.5,9,0.17,-0.09,0.43,13.1,0.01,-0.27,0.29,13.2,-0.24,-0.51,0.04,11.2,0.68,0.28,1.07,10.3,0.63,0.25,1.01,15.7,0.74,0.33,1.14,15.2,0.47,0.07,0.87,12.7,0.6,14.7,0.5,-7.1,-0.12,34.6,69,0,0.22,-0.11,0.56,0.22,-0.12,0.56,53.1,105,2,0.31,0.04,0.58,0.3,0.02,0.57,64.9,22,1,-0.17,-0.76,0.42,-0.25,-0.85,0.35,52.7,11.3,10.4,15.6,15.4,15,0.4,141,1,0.68,0.45,0.91,0.68,0.44,0.91,51.3,11.8,9.7,14.7,15.2,14.6,0.5,111,1,0.44,0.18,0.71,0.44,0.17,0.71,43.7,9.1,9.2,13.2,12.3,11.7,0.6,85,2,-0.06,-0.36,0.24,-0.1,-0.4,0.21,48.3,10.7,9.5,14.1,14.1,13.5,0.6,192,3,0.23,0.03,0.43,0.21,0.01,0.42,,,,,,,,,,,,,,,,,,,,,,,,,,,,,,,11,16%,3%,1%,17,16%,13%,10%,5,23%,23%,23%,14%,21%,10%,7%,11%,9%,-0.13,0.28,-0.46,-0.09,0.35,0.68,0.49,0.01,0.29,0.95,0.77,1.37,0.59,0.85,1.33,0.16,-0.35,0.71,-0.01,0.23,-0.48,0.56,0,0.15,-1.08,0.68,-0.1,1.48,0.42,1.21,0.15,0.9,0.08,1.26,-1.24,1.43,0.26,2.09,0.58,1.58,-0.05,2.03,0.72,1.65,-0.47,,,,,,,3%,2%,1%,27%,17%,13%,17%,11%,8%,21%,13%,9%,,,,,,,,,,,,,60%,,,98%,,,,,63%,69%,25,36%,83,79%,21,95%,58%,70%,74%,66%,48%,57%,17,25%,65,62%,20,91%,42%,58%,60%,52%,,,,,,,,,5%,35%,,,,,,,,,7.7,7,8,8.2,7.5,8,,,,,7.5,6.8,7.8,8,7.3,7.8,,,,,1576,0,0%
2,211,7171,143630,Ian Mikardo School,,60 William Guy Gardens,Talwin Street,,London,E3 3LF,02089812413,E14000882,Poplar and Limehouse,0,0,ACCS,Does not apply,NA,NA,BOYS,0,0,0,11-18,43,43,0,7,7,100%,0,0%,89.1,5,83%,1,17%,0,0%,7,100%,0,0%,1,14%,6,86%,0,0%,7,100%,,,,,,,35,5,0,0,16,2.3,0,0,19,2.7,19,2.7,0,0,0,0.7,6,0,86%,-2.16,-3.28,-1.03,-2.16,-3.31,-1,-3.1,-4.39,-1.81,-0.84,-2.07,0.38,-2.41,-3.72,-1.1,-2.14,-3.45,-0.84,0%,0%,1.34,0.19,0.19,NE,SUPP,SUPP,NE,SUPP,NE,0.19,0.19,,,,,,,0,0%,0%,0%,0,0%,7,100%,0,0%,0,0%,0,0%,0%,0%,14%,0%,NE,NE,NE,NE,NE,NE,,NE,,NE,,NE,NE,NE,NE,NE,NE,NE,NE,NE,NE,0,0,1,0,NE,NE,NE,NE,NE,NE,0,0%,0,0%,4,57%,NE,NE,NE,NE,NE,NE,5,6,0,-2.16,-3.28,-1.03,-2.16,-3.31,-1,NE,NE,NE,NE,NE,NE,NE,NE,NE,0,-3.1,-4.39,-1.81,2.3,-0.84,-2.07,0.38,0,-2.41,-3.72,-1.1,2.7,-2.14,-3.45,-0.84,NE,NE,NE,NE,NE,NE,NE,NE,NE,NE,NE,NE,NE,NE,NE,NE,2.7,0,NE,NE,NE,NE,SUPP,SUPP,SUPP,SUPP,SUPP,SUPP,SUPP,SUPP,SUPP,SUPP,SUPP,SUPP,SUPP,SUPP,SUPP,SUPP,SUPP,SUPP,NE,NE,NE,NE,NE,NE,NE,NE,NE,SUPP,SUPP,SUPP,SUPP,SUPP,SUPP,SUPP,SUPP,SUPP,SUPP,SUPP,SUPP,SUPP,SUPP,SUPP,NE,NE,NE,NE,NE,NE,NE,NE,NE,NE,NE,NE,NE,NE,NE,5,0,2.3,0,2.7,2.7,0,6,0,-2.16,-3.28,-1.03,-2.16,-3.31,-1,5,0,2.3,0,2.7,2.7,0,6,0,-2.16,-3.28,-1.03,-2.16,-3.31,-1,,,,,,,,,,,,,,,,,,,,,,,,,,,,,,,SUPP,SUPP,SUPP,SUPP,SUPP,SUPP,SUPP,SUPP,NE,NE,NE,NE,0%,NE,0%,0%,NE,NE,SUPP,SUPP,NE,NE,NE,SUPP,SUPP,NE,NE,NE,SUPP,SUPP,NE,NE,NE,NE,NE,NE,NE,SUPP,SUPP,SUPP,SUPP,NE,NE,NE,NE,NE,NE,SUPP,SUPP,SUPP,SUPP,NE,NE,NE,NE,NE,NE,SUPP,SUPP,SUPP,SUPP,NE,NE,,,,,,,0%,0%,0%,NE,NE,NE,0%,0%,0%,SUPP,SUPP,SUPP,,,,,,,,,,,,,0%,,,86%,,,,,0%,NE,SUPP,SUPP,SUPP,SUPP,NE,NE,0%,NE,SUPP,0%,0%,NE,SUPP,SUPP,SUPP,SUPP,NE,NE,0%,NE,SUPP,0%,,,,,,,,,0%,0%,,,,,,,,,1.9,SUPP,SUPP,NE,1.9,NE,,,,,1.9,SUPP,SUPP,NE,1.9,NE,,,,,13,0,0%
1,211,6387,131388,Jamiatul Ummah School,,56 Bigland Street,Shadwell,,London,E1 2ND,02077907878,E14000882,Poplar and Limehouse,0,0,IND,None,,NA,BOYS,0,0,0,11-16,164,164,0,28,28,100%,0,0%,NP,NP,NP,NP,NP,NP,NP,NP,NP,NP,NP,NP,NP,NP,NP,NP,NP,NP,NP,NA,NA,NA,NA,NA,NA,1646,58.8,346,12.4,364,13,494,17.6,442,15.8,442,15.8,0,0,3,2.9,NP,NP,NP,NP,NP,NP,NP,NP,NP,NP,NP,NP,NP,NP,NP,NP,NP,NP,NP,NP,NP,96%,75%,156,5.57,NP,NP,NP,NP,NP,NP,NE,5.57,NP,,,,,,,28,100%,64%,36%,28,100%,28,100%,28,100%,28,100%,28,100%,96%,82%,100%,89%,89%,75%,71%,50%,79%,43%,NP,NP,NP,NP,NP,NP,NP,NP,NP,NP,NP,NP,NP,NP,NP,27,23,28,25,25,21,20,14,22,12,26,93%,28,100%,28,100%,26,93%,28,100%,28,100%,NP,NP,NP,NP,NP,NP,NP,NP,NP,NP,NP,NP,NP,NP,NP,NP,NP,NP,NP,NP,NP,NP,NP,NP,NP,NP,NP,NP,NP,NP,NP,NP,NP,NP,NP,NP,NP,NP,NP,NP,NP,NP,NP,NP,NP,NP,NP,NP,NP,NP,NP,NP,NP,NP,NP,NP,NP,NP,NP,NP,NP,NP,NP,NP,NP,NP,NP,NP,NP,NP,NP,NP,NP,NP,NP,NP,NP,NP,NP,NP,NP,NP,NP,NP,NP,NP,NP,NP,NP,NP,NP,NP,NP,NP,NP,NP,NP,NP,NE,NE,NE,NE,NE,NE,NE,NP,NP,NP,NP,NP,NP,NP,NP,58.8,12.4,13,17.6,15.8,15.8,0,NP,NP,NP,NP,NP,NP,NP,NP,NP,NP,NP,NP,NP,NP,NP,NP,NP,NP,NP,NP,NP,NP,NP,,,,,,,,,,,,,,,,,,,,,,,,,,,,,,,NP,NP,NP,NP,NP,NP,NP,NP,NP,NP,NP,NP,NP,NP,NP,NP,NP,NP,NP,NP,NP,NP,NP,NP,NP,NP,NP,NP,NP,NP,NP,NP,NP,NP,NP,NP,NP,NP,NP,NP,NP,NP,NP,NP,NP,NP,NP,NP,NP,NP,NP,NP,NP,NP,NP,NP,NP,NP,NP,NP,NP,NP,NP,,,,,,,100%,64%,36%,NE,NE,NE,NP,NP,NP,NP,NP,NP,,,,,,,,,,,,,89%,,,100%,,,,,NP,NP,NP,NP,NP,NP,NP,NP,96%,NE,NP,NP,NP,NP,NP,NP,NP,NP,NP,NP,75%,NE,NP,NP,,,,,,,,,0%,0%,,,,,,,,,8,NP,NP,NP,NP,NP,,,,,8,NP,NP,NP,NP,NP,,,,,224,0,0%
1,211,4105,100966,Langdon Park Community School,,Bright Street,Poplar,,London,E14 0RZ,02079874811,E14000882,Poplar and Limehouse,0,0,CY,Does not apply,NSE,OTHER NON SEL,MIXED,0,0,1,11-18,1077,598,479,179,99,55%,80,45%,103.7,39,23%,97,58%,32,19%,104,58%,75,42%,149,83%,29,16%,1,1%,176,98%,8,4%,33,18%,25,14%,8220.3,45.9,1761,9.8,1570,8.8,2450.5,13.7,2438.8,13.6,2184.5,12.2,254.3,1.4,2.8,2.9,168,2,94%,-0.36,-0.58,-0.15,-0.37,-0.59,-0.15,-0.32,-0.56,-0.08,-0.4,-0.63,-0.17,-0.3,-0.54,-0.05,-0.46,-0.71,-0.21,65%,41%,734.8,4.11,3.92,4.37,2.43,4.18,5.92,4.2,4.5,3.79,4.09,,,,,,,75,42%,28%,20%,171,96%,174,97%,169,94%,145,81%,92,51%,74%,59%,69%,46%,68%,49%,56%,43%,84%,76%,158,93%,134,92%,85,92%,-0.05,-0.28,0.18,-0.7,-1,-0.39,0.22,-0.2,0.63,133,105,123,82,115,82,81,62,77,70,73,41%,169,94%,173,97%,169,100%,137,94%,92,100%,44.4,98,0,-0.36,-0.64,-0.08,-0.36,-0.64,-0.07,48,70,2,-0.37,-0.7,-0.04,-0.39,-0.73,-0.05,9.5,-0.35,-0.67,-0.03,8.5,-0.36,-0.66,-0.06,13.2,-0.25,-0.58,0.07,13.2,-0.46,-0.78,-0.14,10.3,-0.27,-0.65,0.1,9.2,-0.45,-0.81,-0.1,14.3,-0.35,-0.74,0.03,14.2,-0.46,-0.84,-0.08,11.9,1.3,12.6,1.6,-8.4,-0.51,27.8,39,0,-0.27,-0.71,0.17,-0.27,-0.72,0.18,47.4,97,1,-0.42,-0.7,-0.14,-0.43,-0.71,-0.14,64.8,32,1,-0.31,-0.8,0.18,-0.32,-0.82,0.18,46.8,9.9,8.9,14,13.9,12.3,1.6,138,1,-0.31,-0.55,-0.08,-0.32,-0.56,-0.08,48.9,10.9,8.5,14.7,14.8,13.7,1.1,76,0,-0.03,-0.35,0.28,-0.03,-0.36,0.29,43.5,9,9,12.9,12.7,11,1.7,92,2,-0.64,-0.93,-0.35,-0.65,-0.94,-0.36,45.9,9.8,8.8,13.6,13.6,12.2,1.4,167,2,-0.38,-0.59,-0.17,-0.39,-0.61,-0.17,,,,,,,,,,,,,,,,,,,,,,,,,,,,,,,12,31%,8%,0%,39,40%,28%,20%,17,53%,50%,44%,35%,52%,24%,16%,33%,24%,0.2,-0.16,0.02,-0.01,-0.11,-0.3,-0.86,-0.65,-0.69,-0.71,0.21,0.26,0.13,0.26,0.18,0.29,-0.31,0.25,-0.46,0.7,-0.3,0.13,-0.46,0.54,-0.49,-0.29,-1.1,-0.25,-1.16,0.37,-0.97,-0.46,-1.27,0.01,-1.3,0.83,-0.31,0.78,-0.43,1.16,-0.75,0.8,-0.28,1,-0.75,,,,,,,28%,17%,14%,59%,41%,26%,41%,27%,20%,44%,30%,20%,,,,,,,,,,,,,60%,,,99%,,,,,63%,67%,7,18%,72,74%,31,97%,62%,69%,67%,65%,39%,44%,3,8%,42,43%,26,81%,43%,39%,42%,42%,,,,,,,,,3%,0%,,,,,,,,,7.2,6.2,7.5,7.7,7.2,7.3,,,,,6.9,5.7,7.2,7.5,6.9,6.9,,,,,1296,0,0%
1,211,6394,134810,London East Academy,,46 Whitechapel Road,Whitechapel,,London,E1 1JX,02076503070,E14000555,Bethnal Green and Bow,0,0,IND,None,,NA,BOYS,0,0,0,11-16,134,134,0,17,17,100%,0,0%,NP,NP,NP,NP,NP,NP,NP,NP,NP,NP,NP,NP,NP,NP,NP,NP,NP,NP,NP,NA,NA,NA,NA,NA,NA,999,58.8,220,12.9,204,12,307.5,18.1,267.5,15.7,267.5,15.7,0,0,3,2.9,NP,NP,NP,NP,NP,NP,NP,NP,NP,NP,NP,NP,NP,NP,NP,NP,NP,NP,NP,NP,NP,94%,76%,98.51,5.79,NP,NP,NP,NP,NP,NP,NE,5.79,NP,,,,,,,15,88%,65%,59%,17,100%,17,100%,17,100%,17,100%,15,88%,94%,88%,100%,82%,100%,94%,76%,59%,100%,100%,NP,NP,NP,NP,NP,NP,NP,NP,NP,NP,NP,NP,NP,NP,NP,16,15,17,14,17,16,13,10,15,15,15,88%,17,100%,17,100%,17,100%,17,100%,15,100%,NP,NP,NP,NP,NP,NP,NP,NP,NP,NP,NP,NP,NP,NP,NP,NP,NP,NP,NP,NP,NP,NP,NP,NP,NP,NP,NP,NP,NP,NP,NP,NP,NP,NP,NP,NP,NP,NP,NP,NP,NP,NP,NP,NP,NP,NP,NP,NP,NP,NP,NP,NP,NP,NP,NP,NP,NP,NP,NP,NP,NP,NP,NP,NP,NP,NP,NP,NP,NP,NP,NP,NP,NP,NP,NP,NP,NP,NP,NP,NP,NP,NP,NP,NP,NP,NP,NP,NP,NP,NP,NP,NP,NP,NP,NP,NP,NP,NP,NE,NE,NE,NE,NE,NE,NE,NP,NP,NP,NP,NP,NP,NP,NP,58.8,12.9,12,18.1,15.7,15.7,0,NP,NP,NP,NP,NP,NP,NP,NP,NP,NP,NP,NP,NP,NP,NP,NP,NP,NP,NP,NP,NP,NP,NP,,,,,,,,,,,,,,,,,,,,,,,,,,,,,,,NP,NP,NP,NP,NP,NP,NP,NP,NP,NP,NP,NP,NP,NP,NP,NP,NP,NP,NP,NP,NP,NP,NP,NP,NP,NP,NP,NP,NP,NP,NP,NP,NP,NP,NP,NP,NP,NP,NP,NP,NP,NP,NP,NP,NP,NP,NP,NP,NP,NP,NP,NP,NP,NP,NP,NP,NP,NP,NP,NP,NP,NP,NP,,,,,,,88%,65%,59%,NE,NE,NE,NP,NP,NP,NP,NP,NP,,,,,,,,,,,,,94%,,,100%,,,,,NP,NP,NP,NP,NP,NP,NP,NP,94%,NE,NP,NP,NP,NP,NP,NP,NP,NP,NP,NP,76%,NE,NP,NP,,,,,,,,,0%,0%,,,,,,,,,7.5,NP,NP,NP,NP,NP,,,,,7.5,NP,NP,NP,NP,NP,,,,,127,0,0%
1,211,4001,141133,London Enterprise Academy,,81-91 Commercial Road,Whitechapel,Tower Hamlets,London,E1 1RD,02074260746,E14000555,Bethnal Green and Bow,0,0,F,None,NR,OTHER NON SEL,MIXED,0,0,0,11-16,468,280,188,111,69,62%,42,38%,103.5,19,24%,47,59%,13,16%,45,41%,66,59%,90,81%,20,18%,1,1%,93,84%,2,2%,7,6%,5,5%,4816.5,43.4,1044,9.4,1004,9,1411.5,12.7,1357,12.2,1322.5,11.9,34.5,0.3,2.6,2.9,79,0,71%,-0.45,-0.76,-0.14,-0.45,-0.77,-0.13,-0.24,-0.6,0.11,-0.02,-0.36,0.32,-0.66,-1.02,-0.3,-0.66,-1.02,-0.3,62%,45%,426.99,3.85,3.45,4.12,2.46,3.81,6.1,3.74,4.32,3.56,3.84,,,,,,,46,41%,24%,15%,106,95%,109,98%,109,98%,72,65%,65,59%,74%,56%,68%,52%,63%,39%,67%,43%,83%,66%,77,71%,58,81%,39,60%,-0.66,-0.99,-0.33,-0.78,-1.24,-0.31,-0.72,-1.33,-0.11,82,62,75,58,69,43,48,31,54,43,40,36%,106,95%,107,96%,96,88%,71,99%,62,95%,40.1,39,0,-0.82,-1.26,-0.37,-0.82,-1.27,-0.36,45.7,40,0,-0.09,-0.53,0.34,-0.09,-0.54,0.35,9,-0.59,-1.1,-0.09,8.4,-0.49,-0.97,-0.01,11,-1.11,-1.62,-0.6,11.7,-0.89,-1.4,-0.37,9.7,0.1,-0.4,0.6,9.5,0.44,-0.03,0.92,13.9,-0.23,-0.74,0.28,12.6,-0.44,-0.94,0.07,11.6,0.1,12.1,0.5,-12.7,-0.97,30.8,19,0,-0.27,-0.9,0.37,-0.27,-0.91,0.38,43.9,47,0,-0.56,-0.97,-0.16,-0.56,-0.97,-0.15,67.1,13,0,-0.3,-1.07,0.47,-0.3,-1.08,0.48,42,9,8.8,12.5,11.8,11.5,0.3,63,0,-0.43,-0.78,-0.08,-0.43,-0.79,-0.08,47.7,10.4,9.2,14.5,13.7,13.2,0.5,25,0,-0.29,-0.84,0.26,-0.29,-0.86,0.27,40.8,8.8,9,11.7,11.3,11.1,0.2,54,0,-0.52,-0.9,-0.15,-0.52,-0.91,-0.14,43.8,9.7,9.2,12.3,12.5,12.3,0.2,76,0,-0.49,-0.81,-0.17,-0.49,-0.81,-0.17,,,,,,,,,,,,,,,,,,,,,,,,,,,,,,,3,16%,5%,0%,22,47%,21%,11%,9,69%,69%,54%,36%,45%,20%,13%,27%,17%,-0.6,-0.71,-0.57,-1.09,-0.27,-0.34,-0.87,-0.78,-1.13,-0.47,-0.02,-0.63,-1.5,-0.85,-0.61,-0.61,-1.56,0.19,-0.72,0.08,-1.27,-0.29,-1.13,0.23,-1.37,-0.45,-1.81,0.16,-1.11,0.91,-1.59,-0.29,-1.45,0.2,-1.76,0.05,-1.75,0.23,-1.44,1.43,-1.46,0.17,-1.43,-0.22,-2.78,,,,,,,36%,20%,10%,50%,31%,24%,45%,25%,15%,42%,23%,12%,,,,,,,,,,,,,55%,,,98%,,,,,58%,65%,7,37%,35,74%,13,100%,61%,64%,59%,65%,38%,50%,4,21%,22,47%,12,92%,43%,48%,42%,46%,,,,,,,,,9%,26%,,,,,,,,,8.7,7.5,8.7,10.5,8.4,8.9,,,,,8.1,7,8.2,10.3,7.8,8.3,,,,,982,5,1%
1,211,6390,132797,London Islamic School,,18-22 Damien Street,,,London,E1 2HX,02072659667,E14000555,Bethnal Green and Bow,0,0,IND,None,,NA,BOYS,0,0,0,11-16,132,132,0,20,20,100%,0,0%,NP,NP,NP,NP,NP,NP,NP,NP,NP,NP,NP,NP,NP,NP,NP,NP,NP,NP,NP,NA,NA,NA,NA,NA,NA,943.8,47.2,212,10.6,200,10,320.5,16,211.3,10.6,181.5,9.1,29.8,1.5,3,2.9,NP,NP,NP,NP,NP,NP,NP,NP,NP,NP,NP,NP,NP,NP,NP,NP,NP,NP,NP,NP,NP,80%,50%,97.84,4.89,NP,NP,NP,NP,NP,NP,NE,4.89,NP,,,,,,,20,100%,40%,25%,20,100%,20,100%,20,100%,20,100%,20,100%,90%,75%,80%,55%,75%,65%,75%,55%,45%,30%,NP,NP,NP,NP,NP,NP,NP,NP,NP,NP,NP,NP,NP,NP,NP,18,15,16,11,15,13,15,11,9,6,17,85%,20,100%,17,85%,20,100%,20,100%,20,100%,NP,NP,NP,NP,NP,NP,NP,NP,NP,NP,NP,NP,NP,NP,NP,NP,NP,NP,NP,NP,NP,NP,NP,NP,NP,NP,NP,NP,NP,NP,NP,NP,NP,NP,NP,NP,NP,NP,NP,NP,NP,NP,NP,NP,NP,NP,NP,NP,NP,NP,NP,NP,NP,NP,NP,NP,NP,NP,NP,NP,NP,NP,NP,NP,NP,NP,NP,NP,NP,NP,NP,NP,NP,NP,NP,NP,NP,NP,NP,NP,NP,NP,NP,NP,NP,NP,NP,NP,NP,NP,NP,NP,NP,NP,NP,NP,NP,NP,NE,NE,NE,NE,NE,NE,NE,NP,NP,NP,NP,NP,NP,NP,NP,47.2,10.6,10,16,10.6,9.1,1.5,NP,NP,NP,NP,NP,NP,NP,NP,NP,NP,NP,NP,NP,NP,NP,NP,NP,NP,NP,NP,NP,NP,NP,,,,,,,,,,,,,,,,,,,,,,,,,,,,,,,NP,NP,NP,NP,NP,NP,NP,NP,NP,NP,NP,NP,NP,NP,NP,NP,NP,NP,NP,NP,NP,NP,NP,NP,NP,NP,NP,NP,NP,NP,NP,NP,NP,NP,NP,NP,NP,NP,NP,NP,NP,NP,NP,NP,NP,NP,NP,NP,NP,NP,NP,NP,NP,NP,NP,NP,NP,NP,NP,NP,NP,NP,NP,,,,,,,100%,40%,25%,NE,NE,NE,NP,NP,NP,NP,NP,NP,,,,,,,,,,,,,75%,,,100%,,,,,NP,NP,NP,NP,NP,NP,NP,NP,80%,NE,NP,NP,NP,NP,NP,NP,NP,NP,NP,NP,50%,NE,NP,NP,,,,,,,,,0%,25%,,,,,,,,,7.5,NP,NP,NP,NP,NP,,,,,6.5,NP,NP,NP,NP,NP,,,,,150,0,0%
1,211,6383,100982,Madani Secondary Girls' School,,Myrdle Street,,,London,E1 1HL,02073771992,E14000555,Bethnal Green and Bow,0,0,IND,None,,NA,GIRLS,0,0,1,11-18,272,0,272,41,0,0%,41,100%,NP,NP,NP,NP,NP,NP,NP,NP,NP,NP,NP,NP,NP,NP,NP,NP,NP,NP,NP,NA,NA,NA,NA,NA,NA,2489,60.7,562,13.7,458,11.2,711,17.3,758,18.5,758,18.5,0,0,3,3,NP,NP,NP,NP,NP,NP,NP,NP,NP,NP,NP,NP,NP,NP,NP,NP,NP,NP,NP,NP,NP,85%,71%,227.31,5.54,NP,NP,NP,NP,NP,NP,5.54,NE,NP,,,,,,,41,100%,59%,34%,41,100%,41,100%,41,100%,41,100%,41,100%,98%,93%,88%,73%,93%,61%,83%,71%,66%,37%,NP,NP,NP,NP,NP,NP,NP,NP,NP,NP,NP,NP,NP,NP,NP,40,38,36,30,38,25,34,29,27,15,36,88%,41,100%,41,100%,40,98%,41,100%,37,90%,NP,NP,NP,NP,NP,NP,NP,NP,NP,NP,NP,NP,NP,NP,NP,NP,NP,NP,NP,NP,NP,NP,NP,NP,NP,NP,NP,NP,NP,NP,NP,NP,NP,NP,NP,NP,NP,NP,NP,NP,NP,NP,NP,NP,NP,NP,NP,NP,NP,NP,NP,NP,NP,NP,NP,NP,NP,NP,NP,NP,NP,NP,NP,NP,NP,NP,NP,NP,NP,NP,NP,NP,NP,NP,NP,NP,NP,NP,NP,NP,NP,NP,NP,NP,NP,NP,NP,NP,NP,NP,NP,NP,NP,NP,NP,NP,NP,NP,60.7,13.7,11.2,17.3,18.5,18.5,0,NP,NP,NP,NP,NP,NP,NP,NP,NE,NE,NE,NE,NE,NE,NE,NP,NP,NP,NP,NP,NP,NP,NP,NP,NP,NP,NP,NP,NP,NP,NP,NP,NP,NP,NP,NP,NP,NP,,,,,,,,,,,,,,,,,,,,,,,,,,,,,,,NP,NP,NP,NP,NP,NP,NP,NP,NP,NP,NP,NP,NP,NP,NP,NP,NP,NP,NP,NP,NP,NP,NP,NP,NP,NP,NP,NP,NP,NP,NP,NP,NP,NP,NP,NP,NP,NP,NP,NP,NP,NP,NP,NP,NP,NP,NP,NP,NP,NP,NP,NP,NP,NP,NP,NP,NP,NP,NP,NP,NP,NP,NP,,,,,,,NE,NE,NE,100%,59%,34%,NP,NP,NP,NP,NP,NP,,,,,,,,,,,,,85%,,,100%,,,,,NP,NP,NP,NP,NP,NP,NP,NP,NE,85%,NP,NP,NP,NP,NP,NP,NP,NP,NP,NP,NE,71%,NP,NP,,,,,,,,,0%,2%,,,,,,,,,9,NP,NP,NP,NP,NP,,,,,9,NP,NP,NP,NP,NP,,,,,371,0,0%
1,211,6391,133307,Mazahirul Uloom London School,,241-243 Mile End Road,Stepney,,London,E1 4AA,02077028533,E14000555,Bethnal Green and Bow,0,0,IND,None,,NA,BOYS,0,0,0,11-16,118,118,0,26,25,96%,1,4%,NP,NP,NP,NP,NP,NP,NP,NP,NP,NP,NP,NP,NP,NP,NP,NP,NP,NP,NP,NA,NA,NA,NA,NA,NA,1265.5,48.7,258,9.9,288,11.1,392.5,15.1,327,12.6,321.5,12.4,5.5,0.2,2.8,2.7,NP,NP,NP,NP,NP,NP,NP,NP,NP,NP,NP,NP,NP,NP,NP,NP,NP,NP,NP,NP,NP,77%,58%,123.67,4.76,NP,NP,NP,NP,NP,NP,SUPP,SUPP,NP,,,,,,,22,85%,54%,19%,24,92%,25,96%,25,96%,24,92%,22,85%,81%,65%,77%,62%,72%,56%,79%,75%,64%,32%,NP,NP,NP,NP,NP,NP,NP,NP,NP,NP,NP,NP,NP,NP,NP,21,17,20,16,18,14,19,18,14,7,19,73%,24,92%,24,92%,25,100%,22,92%,21,95%,NP,NP,NP,NP,NP,NP,NP,NP,NP,NP,NP,NP,NP,NP,NP,NP,NP,NP,NP,NP,NP,NP,NP,NP,NP,NP,NP,NP,NP,NP,NP,NP,NP,NP,NP,NP,NP,NP,NP,NP,NP,NP,NP,NP,NP,NP,NP,NP,NP,NP,NP,NP,NP,NP,NP,NP,NP,NP,NP,NP,NP,NP,NP,NP,NP,NP,NP,NP,NP,NP,NP,NP,NP,NP,NP,NP,NP,NP,NP,NP,NP,NP,NP,NP,NP,NP,NP,NP,NP,NP,NP,NP,NP,NP,NP,NP,NP,NP,SUPP,SUPP,SUPP,SUPP,SUPP,SUPP,SUPP,NP,NP,NP,NP,NP,NP,NP,NP,SUPP,SUPP,SUPP,SUPP,SUPP,SUPP,SUPP,NP,NP,NP,NP,NP,NP,NP,NP,NP,NP,NP,NP,NP,NP,NP,NP,NP,NP,NP,NP,NP,NP,NP,,,,,,,,,,,,,,,,,,,,,,,,,,,,,,,NP,NP,NP,NP,NP,NP,NP,NP,NP,NP,NP,NP,NP,NP,NP,NP,NP,NP,NP,NP,NP,NP,NP,NP,NP,NP,NP,NP,NP,NP,NP,NP,NP,NP,NP,NP,NP,NP,NP,NP,NP,NP,NP,NP,NP,NP,NP,NP,NP,NP,NP,NP,NP,NP,NP,NP,NP,NP,NP,NP,NP,NP,NP,,,,,,,SUPP,SUPP,SUPP,SUPP,SUPP,SUPP,NP,NP,NP,NP,NP,NP,,,,,,,,,,,,,69%,,,96%,,,,,NP,NP,NP,NP,NP,NP,NP,NP,SUPP,SUPP,NP,NP,NP,NP,NP,NP,NP,NP,NP,NP,SUPP,SUPP,NP,NP,,,,,,,,,4%,4%,,,,,,,,,6.7,NP,NP,NP,NP,NP,,,,,6.6,NP,NP,NP,NP,NP,,,,,173,0,0%
1,211,4150,100967,Morpeth School,,Portman Place,Bethnal Green,,London,E2 0PX,02089810921,E14000555,Bethnal Green and Bow,0,0,CY,Does not apply,NSE,OTHER NON SEL,MIXED,0,0,1,11-18,1556,858,698,237,119,50%,118,50%,105,38,16%,131,56%,63,27%,119,50%,118,50%,170,72%,67,28%,0,0%,235,99%,13,5%,28,12%,15,6%,11435,48.2,2839,12,2420,10.2,3693.5,15.6,2482.5,10.5,2460.5,10.4,22,0.1,2.9,2,232,4,98%,-0.36,-0.54,-0.18,-0.37,-0.56,-0.19,0.48,0.27,0.69,0.07,-0.13,0.27,0.15,-0.06,0.36,-1.75,-1.96,-1.54,78%,59%,1049.36,4.43,4.25,4.6,2.63,4.35,5.75,4.5,4.38,4.47,4.44,,,,,,,205,86%,0%,0%,228,96%,233,98%,227,96%,229,97%,207,87%,89%,84%,80%,61%,78%,59%,79%,67%,0%,0%,223,98%,225,98%,206,100%,0.13,-0.07,0.32,0.27,0.03,0.5,-4.97,-5.24,-4.71,211,199,190,144,178,135,180,154,0,0,0,0%,227,96%,231,97%,227,100%,225,98%,0,0%,46.4,117,2,-0.43,-0.69,-0.18,-0.45,-0.71,-0.19,50.1,115,2,-0.28,-0.54,-0.03,-0.3,-0.56,-0.03,11.4,0.3,0.01,0.59,9.8,-0.02,-0.3,0.26,15.1,0.1,-0.2,0.4,10.1,-1.77,-2.07,-1.48,12.5,0.67,0.38,0.96,10.6,0.16,-0.12,0.44,16.1,0.19,-0.11,0.49,10.9,-1.73,-2.03,-1.43,10,0.1,10.8,0.1,-6.4,-0.58,29.4,38,0,-0.1,-0.54,0.35,-0.1,-0.55,0.36,47,131,0,-0.36,-0.6,-0.12,-0.36,-0.61,-0.12,63,63,4,-0.51,-0.86,-0.16,-0.56,-0.91,-0.2,48.8,12.1,10.5,15.8,10.4,10.3,0.1,169,2,-0.29,-0.5,-0.08,-0.3,-0.52,-0.08,48.3,12.5,9.7,15.3,10.8,10.8,0,114,1,-0.29,-0.54,-0.03,-0.3,-0.56,-0.04,48.2,11.4,10.7,15.9,10.1,10,0.2,118,3,-0.43,-0.68,-0.17,-0.44,-0.7,-0.18,48.4,12,10.2,15.6,10.5,10.4,0.1,230,4,-0.36,-0.54,-0.18,-0.37,-0.56,-0.19,,,,,,,,,,,,,,,,,,,,,,,,,,,,,,,22,58%,0%,0%,121,92%,0%,0%,61,97%,0%,0%,83%,90%,0%,0%,0%,0%,0.6,0.06,0.03,0.13,0.13,0.47,0.33,0.02,0.31,0.22,-3.73,-4.63,-6.13,-4.89,-5.05,0.4,-0.15,0.4,-0.14,1.12,0.09,0.31,-0.2,0.4,-0.33,0.64,-0.03,0.56,-0.11,1.09,-0.16,0.64,0.02,0.47,-0.42,-4.51,-5.28,-4.68,-5.42,-2.95,-4.51,-4.29,-4.98,-5.64,-6.62,,,,,,,86%,0%,0%,87%,0%,0%,87%,0%,0%,92%,0%,0%,,,,,,,,,,,,,72%,,,100%,,,,,76%,81%,14,37%,110,84%,60,95%,80%,77%,81%,79%,52%,65%,8,21%,74,56%,56,89%,62%,55%,62%,59%,,,,,,,,,2%,7%,,,,,,,,,10.1,8.6,10.2,11,9.9,10.3,,,,,9.9,8.4,10,10.7,9.7,10.1,,,,,2410,986,41%
1,211,4284,137789,Mulberry Academy Shoreditch,,Gosset Street,Bethnal Green,,London,E2 6NW,02079207900,E14000555,Bethnal Green and Bow,0,0,ACC,Does not apply,NSE,OTHER NON SEL,MIXED,0,0,1,11-19,1245,688,557,168,96,57%,72,43%,103.6,42,27%,85,54%,31,20%,121,72%,47,28%,72,43%,92,55%,4,2%,158,94%,3,2%,20,12%,17,10%,8718,51.9,1924,11.5,1706,10.2,2512,15,2576,15.3,2164.5,12.9,411.5,2.4,2.9,3,158,1,94%,0.31,0.1,0.53,0.29,0.07,0.52,0.52,0.27,0.77,0.34,0.1,0.58,0.24,-0.02,0.49,0.17,-0.08,0.43,74%,57%,807.98,4.81,4.71,5.06,3.07,5.05,6.58,4.38,4.73,4.87,4.81,,,,,,,139,83%,43%,29%,166,99%,166,99%,166,99%,154,92%,144,86%,86%,73%,76%,63%,72%,54%,63%,47%,60%,49%,156,94%,146,95%,136,94%,0.32,0.09,0.55,-0.31,-0.6,-0.02,-0.47,-0.8,-0.14,145,122,127,105,119,89,97,73,87,71,136,81%,166,99%,165,98%,166,100%,150,97%,143,99%,51.2,115,0,0.34,0.08,0.6,0.34,0.08,0.6,53.7,43,1,0.25,-0.17,0.67,0.17,-0.26,0.6,11.4,0.62,0.33,0.92,10.1,0.41,0.13,0.69,14.6,0.25,-0.05,0.55,15.1,0.2,-0.1,0.5,11.6,0.26,-0.22,0.74,10.3,0.15,-0.3,0.61,15.8,0.21,-0.28,0.7,16.1,0.1,-0.39,0.58,12.5,2.6,13.9,2.2,-1.6,0.19,34.8,42,0,0.19,-0.24,0.62,0.19,-0.24,0.62,54.5,85,0,0.46,0.16,0.76,0.46,0.15,0.76,68.9,31,1,0.09,-0.41,0.58,-0.01,-0.52,0.49,47.4,10.5,9.2,13.7,14,11.2,2.8,65,1,0.15,-0.19,0.5,0.1,-0.25,0.45,51.6,11.9,9.4,14.6,15.7,13.3,2.5,70,1,0.36,0.03,0.69,0.32,-0.02,0.65,52.1,11.1,10.7,15.2,15,12.6,2.4,88,0,0.28,-0.02,0.57,0.28,-0.02,0.58,51.8,11.5,10.1,14.9,15.3,12.9,2.4,151,1,0.33,0.1,0.55,0.31,0.08,0.54,,,,,,,,,,,,,,,,,,,,,,,,,,,,,,,27,64%,14%,7%,75,88%,44%,27%,30,97%,84%,68%,79%,91%,40%,26%,51%,34%,0.05,0.47,0.23,0.3,0.36,-0.27,-0.28,-0.43,-0.39,-0.11,-0.45,-0.28,-0.97,-0.48,-0.45,0.57,0.03,0.8,-0.08,0.5,-0.4,0.78,0.16,0.76,-0.29,-0.04,-0.73,0.43,-0.65,0.34,-0.88,0.11,-0.67,0.22,-1.07,-0.09,-0.87,0.16,-1.05,0.24,-1.14,0.16,-0.72,-0.27,-1.67,,,,,,,85%,40%,27%,79%,47%,31%,85%,43%,28%,78%,33%,24%,,,,,,,,,,,,,69%,,,99%,,,,,71%,83%,16,38%,74,87%,29,94%,76%,72%,61%,74%,56%,60%,8,19%,56,66%,27,87%,60%,53%,49%,56%,,,,,,,,,8%,17%,,,,,,,,,8.1,7.5,8.2,8.7,8,8.3,,,,,7.7,7.1,7.7,8.5,7.6,8,,,,,1365,2,0%
1,211,4242,143629,Mulberry School for Girls,,Richard Street,Commercial Road,,London,E1 2JP,02077906327,E14000882,Poplar and Limehouse,0,0,ACC,Does not apply,NSE,OTHER NON SEL,GIRLS,0,0,1,11-18,1558,0,1558,207,0,0%,207,100%,105.2,32,16%,115,58%,52,26%,98,47%,109,53%,159,77%,48,23%,0,0%,203,98%,4,2%,29,14%,25,12%,12192,58.9,2678,12.9,2188,10.6,3442.5,16.6,3883.5,18.8,3878,18.7,5.5,0,3,3,199,0,96%,0.68,0.49,0.88,0.68,0.48,0.88,0.95,0.73,1.17,0.23,0.02,0.44,0.48,0.26,0.71,1.01,0.78,1.24,80%,64%,1126.3,5.44,5.09,5.76,3.48,5.25,7.12,5.34,5.44,NE,5.45,,,,,,,200,97%,64%,47%,206,100%,206,100%,206,100%,202,98%,200,97%,93%,86%,81%,66%,81%,57%,75%,65%,76%,66%,198,96%,194,96%,193,97%,0.24,0.04,0.45,0.23,-0.02,0.49,0.24,-0.04,0.51,193,179,167,137,167,117,152,131,151,131,197,95%,206,100%,205,99%,205,100%,201,100%,200,100%,55.6,96,0,0.55,0.27,0.84,0.55,0.27,0.84,61.9,103,0,0.81,0.53,1.08,0.81,0.53,1.08,12.3,0.82,0.5,1.14,9.7,0.01,-0.29,0.32,15.5,0.33,0,0.66,18.1,0.96,0.64,1.29,13.5,1.07,0.76,1.38,11.4,0.43,0.13,0.72,17.6,0.63,0.31,0.95,19.4,1.06,0.74,1.37,18,0.1,19.4,0,2.8,0.4,39,32,0,0.79,0.3,1.28,0.79,0.29,1.29,57.5,115,0,0.7,0.44,0.96,0.7,0.44,0.96,74.6,52,0,0.59,0.2,0.97,0.59,0.2,0.98,57.9,12.7,10.4,16.4,18.4,18.4,0,153,0,0.63,0.41,0.86,0.63,0.4,0.86,58.9,12.9,10.6,16.6,18.8,18.7,0,199,0,0.68,0.49,0.88,0.68,0.48,0.88,NE,NE,NE,NE,NE,NE,NE,NE,NE,NE,NE,NE,NE,NE,NE,59,13,10.6,16.6,18.8,18.8,0,197,0,0.69,0.49,0.89,0.69,0.49,0.89,,,,,,,,,,,,,,,,,,,,,,,,,,,,,,,31,97%,19%,0%,110,96%,63%,44%,52,100%,96%,85%,94%,99%,57%,40%,70%,53%,0.45,0.18,0.26,0.12,0.36,0.4,0.22,0.16,0.22,0.25,-0.16,0.32,0.3,0.11,0.35,0.41,-0.17,0.64,0.07,0.96,-0.07,0.45,-0.09,0.66,-0.14,0.59,-0.15,0.6,-0.1,1.04,-0.23,0.56,-0.11,0.65,-0.33,0.52,-0.29,0.73,-0.03,0.53,-0.85,0.69,-0.04,0.83,-0.23,,,,,,,NE,NE,NE,97%,64%,47%,97%,64%,47%,96%,62%,46%,,,,,,,,,,,,,79%,,,100%,,,,,73%,86%,13,41%,95,83%,52,100%,NE,80%,79%,80%,52%,75%,3,9%,74,64%,51,98%,NE,64%,62%,65%,,,,,,,,,1%,28%,,,,,,,,,9.2,8.8,9.1,9.5,9,9.4,,,,,9.2,8.8,9.1,9.5,9,9.4,,,,,1900,1,0%
1,211,4276,144700,Mulberry Stepney Green Mathematics and Computing College,,Ben Jonson Road,Stepney,,London,E1 4SD,02077906361,E14000555,Bethnal Green and Bow,0,0,ACC,Does not apply,NSE,OTHER NON SEL,MIXED,0,0,1,11-18,1273,1197,76,178,178,100%,0,0%,105.5,35,20%,88,51%,50,29%,86,48%,92,52%,68,38%,110,62%,0,0%,178,100%,8,4%,18,10%,10,6%,9675,54.4,2114,11.9,1958,11,2802,15.7,2801,15.7,2645.5,14.9,155.5,0.9,3,3,173,1,97%,0.14,-0.07,0.35,0.13,-0.08,0.35,0.37,0.13,0.61,0.33,0.1,0.56,0.06,-0.19,0.3,-0.07,-0.32,0.17,75%,61%,897.68,5.04,4.67,5.39,2.93,4.95,6.64,4.74,NE,5.04,5.04,,,,,,,132,74%,47%,34%,178,100%,178,100%,178,100%,178,100%,132,74%,87%,75%,78%,64%,71%,55%,67%,55%,81%,63%,173,97%,173,97%,128,97%,-0.2,-0.41,0.02,-0.33,-0.6,-0.06,-0.08,-0.42,0.26,155,134,138,114,126,98,120,98,107,83,127,71%,178,100%,177,99%,173,97%,176,99%,131,99%,51.1,85,0,0.1,-0.2,0.4,0.1,-0.2,0.41,57.4,88,1,0.17,-0.13,0.46,0.16,-0.14,0.47,11.5,0.41,0.07,0.76,10.2,0.24,-0.08,0.57,14.6,0.03,-0.32,0.37,14.8,-0.12,-0.46,0.23,12.3,0.32,-0.01,0.66,11.7,0.41,0.09,0.73,16.8,0.09,-0.26,0.43,16.6,-0.03,-0.37,0.31,14.2,0.6,15.5,1.1,-1.7,-0.05,33.5,35,0,0.11,-0.36,0.58,0.11,-0.37,0.59,54,88,0,0.28,-0.02,0.57,0.28,-0.02,0.58,69.6,50,1,-0.1,-0.49,0.29,-0.1,-0.5,0.3,51.3,11.2,10.3,15.1,14.7,13.7,1,64,0,0.05,-0.29,0.4,0.05,-0.3,0.4,NE,NE,NE,NE,NE,NE,NE,NE,NE,NE,NE,NE,NE,NE,NE,54.4,11.9,11,15.7,15.7,14.9,0.9,173,1,0.14,-0.07,0.35,0.13,-0.08,0.35,54.4,11.9,11,15.7,15.7,14.9,0.9,173,1,0.14,-0.07,0.35,0.13,-0.08,0.35,,,,,,,,,,,,,,,,,,,,,,,,,,,,,,,16,46%,3%,3%,66,75%,47%,28%,46,92%,78%,62%,70%,78%,37%,24%,57%,42%,-0.21,-0.02,-0.5,-0.22,-0.17,-0.24,-0.19,-0.63,-0.32,-0.34,0.12,0.04,-0.31,-0.31,0.13,0.09,-0.53,0.13,-0.48,0.27,-0.7,0.29,-0.32,-0.09,-0.9,0.06,-0.7,0.04,-0.71,0.36,-0.83,0.18,-0.57,-0.13,-1.12,0.18,-0.81,0.59,-0.33,1.08,-0.84,0.51,-0.44,0.26,-0.87,,,,,,,74%,47%,34%,NE,NE,NE,74%,47%,34%,69%,40%,26%,,,,,,,,,,,,,72%,,,100%,,,,,67%,83%,11,31%,71,81%,49,98%,75%,NE,74%,75%,55%,66%,4,11%,56,64%,45,90%,61%,NE,51%,61%,,,,,,,,,2%,13%,,,,,,,,,9.1,8.8,9,9.4,9.1,9.1,,,,,8.7,8.3,8.6,9.1,8.7,8.8,,,,,1622,0,0%
1,211,4005,144756,Mulberry UTC,,64 Parnell Road,,,London,E3 2RU,02031377024,E14000555,Bethnal Green and Bow,0,0,UTC,Does not apply,NSE,OTHER NON SEL,MIXED,0,0,1,14-19,366,103,263,41,16,39%,25,61%,102.2,14,36%,21,54%,4,10%,31,76%,10,24%,8,20%,33,80%,0,0%,37,90%,0,0%,9,22%,9,22%,1487.3,36.3,350,8.5,288,7,350,8.5,499.3,12.2,162,4,337.3,8.2,2.3,2.9,39,0,95%,-1.02,-1.46,-0.58,-1.02,-1.47,-0.57,-0.79,-1.29,-0.28,-0.92,-1.4,-0.44,-1.55,-2.07,-1.04,-0.71,-1.22,-0.2,44%,24%,112.02,2.73,2.61,3.12,2.03,2.88,SUPP,2.71,2.87,2.51,2.82,,,,,,,1,2%,0%,0%,41,100%,41,100%,41,100%,19,46%,1,2%,63%,39%,46%,37%,41%,27%,37%,16%,SUPP,SUPP,39,95%,19,100%,1,SUPP,-1.11,-1.57,-0.65,-1.22,-2.03,-0.41,SUPP,SUPP,SUPP,26,16,19,15,17,11,7,3,SUPP,SUPP,1,2%,40,98%,39,95%,38,93%,18,95%,SUPP,SUPP,34.4,31,0,-1.2,-1.69,-0.7,-1.2,-1.7,-0.69,42,8,0,-0.34,-1.31,0.64,-0.34,-1.33,0.66,8.1,-1,-1.56,-0.43,6.8,-1.07,-1.6,-0.53,8.1,-1.71,-2.28,-1.13,11.5,-0.9,-1.48,-0.33,10,0.04,-1.08,1.15,7.8,-0.37,-1.43,0.69,9.8,-0.96,-2.09,0.18,14.4,0.06,-1.07,1.18,3.8,7.7,4.5,9.9,-18.4,-1.35,28.1,14,0,-0.58,-1.32,0.15,-0.58,-1.34,0.17,37,21,0,-1.23,-1.83,-0.62,-1.23,-1.84,-0.61,SUPP,SUPP,SUPP,SUPP,SUPP,SUPP,SUPP,SUPP,SUPP,34.3,8,7.3,8.3,10.8,3.8,7.1,7,0,-1.06,-2.1,-0.01,-1.06,-2.12,0.01,38.7,9.4,7,9,13.3,4.2,9.1,23,0,-0.85,-1.43,-0.28,-0.85,-1.44,-0.27,32.5,7.1,7.1,7.8,10.5,3.6,6.9,16,0,-1.26,-1.95,-0.57,-1.26,-1.96,-0.55,37.4,8.8,7.1,8.9,12.6,4.1,8.5,36,0,-0.86,-1.32,-0.4,-0.86,-1.33,-0.39,,,,,,,,,,,,,,,,,,,,,,,,,,,,,,,0,0%,0%,0%,1,5%,0%,0%,SUPP,SUPP,SUPP,SUPP,3%,0%,0%,0%,0%,0%,-0.83,-1.26,SUPP,-1.35,-0.16,-0.36,-1.39,SUPP,-1.42,SUPP,NE,SUPP,SUPP,SUPP,NE,-0.84,-1.87,0.85,-1.18,-0.06,-1.6,-0.63,-1.88,SUPP,SUPP,-0.54,-2.3,SUPP,SUPP,1.08,-1.8,-0.37,-2.41,SUPP,SUPP,SUPP,SUPP,NE,NE,NE,NE,SUPP,SUPP,SUPP,SUPP,,,,,,,6%,0%,0%,0%,0%,0%,3%,0%,0%,13%,0%,0%,,,,,,,,,,,,,41%,,,100%,,,,,39%,60%,2,14%,11,52%,SUPP,SUPP,44%,44%,50%,49%,23%,30%,1,7%,5,24%,SUPP,SUPP,13%,32%,13%,27%,,,,,,,,,0%,0%,,,,,,,,,7,7,7,SUPP,7,7.2,,,,,5.1,5,5.1,SUPP,5,5.2,,,,,291,0,0%
1,211,8066,130418,New City College,,Poplar High Street,Poplar,,London,E14 0AF,02075107510,E14000882,Poplar and Limehouse,0,0,FESI,Does not apply,NA,NA,MIXED,0,0,1,14-99,NP,NP,NP,89,38,43%,51,57%,98.5,13,42%,17,55%,1,3%,1,1%,88,99%,NP,NP,NP,NP,NP,NP,NP,NP,NA,NA,NA,NA,NA,NA,659,7.4,81,0.9,190,2.1,220,2.5,168,1.9,165,1.9,3,0,0.4,0.4,31,LOWCOV,35%,LOWCOV,LOWCOV,LOWCOV,LOWCOV,LOWCOV,LOWCOV,LOWCOV,LOWCOV,LOWCOV,LOWCOV,LOWCOV,LOWCOV,LOWCOV,LOWCOV,LOWCOV,LOWCOV,LOWCOV,LOWCOV,10%,8%,52.48,0.59,SUPP,SUPP,0.06,0.16,SUPP,NP,0.39,0.86,NE,,,,,,,0,0%,0%,0%,1,1%,34,38%,12,13%,13,15%,10,11%,0%,0%,17%,13%,83%,67%,0%,0%,90%,90%,2,SUPP,2,SUPP,1,SUPP,SUPP,SUPP,SUPP,SUPP,SUPP,SUPP,SUPP,SUPP,SUPP,0,0,15,12,10,8,0,0,9,9,0,0%,0,0%,17,19%,12,100%,0,0%,9,90%,SUPP,SUPP,SUPP,SUPP,SUPP,SUPP,SUPP,SUPP,SUPP,SUPP,SUPP,SUPP,SUPP,SUPP,SUPP,SUPP,SUPP,SUPP,SUPP,SUPP,SUPP,SUPP,SUPP,SUPP,SUPP,SUPP,SUPP,SUPP,SUPP,SUPP,SUPP,SUPP,SUPP,SUPP,SUPP,SUPP,SUPP,SUPP,SUPP,SUPP,SUPP,SUPP,NP,NP,SUPP,SUPP,SUPP,SUPP,SUPP,SUPP,SUPP,SUPP,SUPP,SUPP,SUPP,SUPP,0.9,13,LOWCOV,LOWCOV,LOWCOV,LOWCOV,LOWCOV,LOWCOV,LOWCOV,3.1,17,LOWCOV,LOWCOV,LOWCOV,LOWCOV,LOWCOV,LOWCOV,LOWCOV,SUPP,SUPP,SUPP,SUPP,SUPP,SUPP,SUPP,SUPP,SUPP,NP,NE,NE,NE,NE,NE,NE,NP,NE,NP,NP,NP,NE,NE,NE,5.5,0.8,1.4,1.6,1.7,1.7,0,19,LOWCOV,LOWCOV,LOWCOV,LOWCOV,LOWCOV,LOWCOV,LOWCOV,9.9,1,3.1,3.6,2.2,2.1,0.1,12,LOWCOV,LOWCOV,LOWCOV,LOWCOV,LOWCOV,LOWCOV,LOWCOV,NP,0,0,0,0,0,0,NP,NE,NP,NP,NP,NE,0,0,,,,,,,,,,,,,,,,,,,,,,,,,,,,,,,0,0%,0%,0%,0,0%,0%,0%,SUPP,SUPP,SUPP,SUPP,SUPP,SUPP,SUPP,SUPP,SUPP,SUPP,SUPP,SUPP,SUPP,SUPP,SUPP,NE,SUPP,SUPP,SUPP,SUPP,SUPP,NE,SUPP,SUPP,SUPP,SUPP,SUPP,SUPP,SUPP,SUPP,SUPP,SUPP,SUPP,SUPP,SUPP,SUPP,SUPP,SUPP,SUPP,NE,NE,SUPP,SUPP,SUPP,SUPP,SUPP,SUPP,SUPP,SUPP,SUPP,SUPP,NE,NE,SUPP,SUPP,,,,,,,0%,0%,0%,0%,0%,0%,NP,NP,NP,NP,NP,NP,,,,,,,,,,,,,8%,,,34%,,,,,SUPP,SUPP,0,0%,0,0%,SUPP,SUPP,13%,8%,NP,NP,SUPP,SUPP,0,0%,0,0%,SUPP,SUPP,13%,4%,NP,NP,,,,,,,,,0%,0%,,,,,,,,,1.7,1.3,1.2,SUPP,SUPP,SUPP,,,,,1.7,1.3,1.2,SUPP,SUPP,SUPP,,,,,153,62,41%
1,211,4296,100972,Oaklands School,,Old Bethnal Green Road,Bethnal Green,,London,E2 6PR,02076131014,E14000555,Bethnal Green and Bow,0,0,CY,Does not apply,NSE,OTHER NON SEL,MIXED,0,0,1,11-18,942,515,427,135,65,48%,70,52%,104.4,29,24%,59,48%,35,28%,81,60%,54,40%,47,35%,88,65%,0,0%,130,96%,3,2%,20,15%,17,13%,7268,53.8,1520,11.3,1412,10.5,2093.5,15.5,2242.5,16.6,1634.5,12.1,608,4.5,2.9,2.9,123,2,91%,0.41,0.16,0.66,0.39,0.13,0.64,0.35,0.07,0.64,0.4,0.13,0.67,0.29,0,0.58,0.51,0.22,0.79,77%,61%,646.14,4.79,4.59,5.08,3.06,4.81,6.53,4.78,5.15,4.4,4.89,,,,,,,67,50%,38%,30%,130,96%,131,97%,131,97%,128,95%,70,52%,87%,76%,79%,66%,73%,58%,64%,55%,91%,84%,120,92%,119,93%,62,89%,0.26,-0.01,0.52,-0.03,-0.36,0.29,0.64,0.16,1.13,117,103,106,89,95,76,82,71,64,59,67,50%,130,96%,130,96%,131,100%,127,99%,70,100%,52,73,2,0.42,0.1,0.74,0.39,0.06,0.72,56.5,50,0,0.39,0,0.78,0.39,-0.01,0.79,10.9,0.32,-0.05,0.69,10.2,0.51,0.16,0.86,14.9,0.26,-0.11,0.64,16,0.47,0.1,0.85,11.9,0.41,-0.04,0.85,10.8,0.22,-0.2,0.65,16.4,0.32,-0.13,0.77,17.5,0.55,0.1,1.01,11.5,4.5,13,4.5,-0.8,0.27,38.5,29,0,0.64,0.13,1.15,0.64,0.11,1.16,55.3,59,1,0.49,0.13,0.85,0.49,0.12,0.85,68.5,35,1,0.08,-0.39,0.55,0.02,-0.46,0.49,52.4,10.8,10.2,15.6,15.8,12.3,3.5,38,0,0.56,0.12,1.01,0.56,0.11,1.02,57.6,12.3,10.7,16.7,17.9,14.6,3.3,65,1,0.6,0.26,0.94,0.56,0.21,0.91,49.8,10.1,10.2,14.3,15.2,9.5,5.8,58,1,0.19,-0.17,0.55,0.19,-0.18,0.56,55,11.5,10.7,15.8,17,12.4,4.6,122,1,0.44,0.19,0.69,0.43,0.17,0.68,,,,,,,,,,,,,,,,,,,,,,,,,,,,,,,9,31%,10%,3%,25,42%,36%,25%,27,77%,69%,60%,46%,56%,33%,25%,44%,37%,0.16,0.36,0.16,0.36,0.11,-0.04,0.12,-0.29,0.03,-0.12,1.38,0.6,0.45,0.39,1,0.7,0.01,0.52,-0.29,0.7,-0.38,0.74,-0.02,0.65,-0.34,0.45,-0.4,0.38,-0.62,0.64,-0.72,0.58,-0.34,0.31,-0.9,1.03,-0.25,1.75,0.25,2.66,0.1,1.37,-0.17,1.17,-0.28,,,,,,,42%,32%,26%,57%,43%,33%,52%,39%,31%,60%,40%,30%,,,,,,,,,,,,,76%,,,99%,,,,,74%,81%,13,45%,51,86%,34,97%,72%,81%,72%,78%,59%,65%,5,17%,42,71%,31,89%,54%,69%,60%,63%,,,,,,,,,1%,42%,,,,,,,,,8.1,7.6,8.2,8.5,7.9,8.5,,,,,7.3,6.6,7.3,8,7.1,7.6,,,,,1131,1,0%
2,211,7095,100987,Phoenix School,,49 Bow Road,,,London,E3 2AD,02089804740,E14000555,Bethnal Green and Bow,0,0,CYS,Does not apply,NA,NA,MIXED,0,1,0,3-19,469,382,87,35,29,83%,6,17%,74.8,30,100%,0,0%,0,0%,27,77%,8,23%,20,57%,15,43%,0,0%,35,100%,,,,,,,10,0.3,0,0,10,0.3,0,0,0,0,0,0,0,0,0,0,30,0,86%,-1.91,-2.42,-1.41,-1.91,-2.43,-1.4,-2.29,-2.87,-1.72,-1.23,-1.78,-0.69,-1.8,-2.38,-1.21,-2.22,-2.81,-1.64,0%,0%,0.83,0.02,0.03,0,0.03,NE,NE,0,0,0.03,0.02,,,,,,,0,0%,0%,0%,0,0%,1,3%,0,0%,0,0%,0,0%,0%,0%,3%,3%,NE,NE,NE,NE,NE,NE,,NE,,NE,,NE,NE,NE,NE,NE,NE,NE,NE,NE,NE,0,0,1,1,NE,NE,NE,NE,NE,NE,0,0%,0,0%,1,3%,NE,NE,NE,NE,NE,NE,0.4,24,0,-1.93,-2.49,-1.36,-1.93,-2.5,-1.35,0,6,0,-1.85,-2.98,-0.73,-1.85,-3,-0.7,0,-2.32,-2.96,-1.67,0.4,-1.22,-1.83,-0.61,0,-1.81,-2.47,-1.16,0,-2.25,-2.9,-1.59,0,-2.19,-3.47,-0.9,0,-1.3,-2.52,-0.08,0,-1.72,-3.03,-0.41,0,-2.13,-3.44,-0.83,0,0,0,0,-52.4,-2.08,0.3,30,0,-1.91,-2.42,-1.41,-1.91,-2.43,-1.4,NE,NE,NE,NE,NE,NE,NE,NE,NE,NE,NE,NE,NE,NE,NE,NE,NE,NE,0,0,0,0,0,0,0,18,0,-1.85,-2.5,-1.2,-1.85,-2.52,-1.19,0,0,0,0,0,0,0,SUPP,SUPP,SUPP,SUPP,SUPP,SUPP,SUPP,SUPP,0.3,0,0.3,0,0,0,0,SUPP,SUPP,SUPP,SUPP,SUPP,SUPP,SUPP,SUPP,0.3,0,0.3,0,0,0,0,30,0,-1.91,-2.42,-1.41,-1.91,-2.43,-1.4,,,,,,,,,,,,,,,,,,,,,,,,,,,,,,,0,0%,0%,0%,NE,NE,NE,NE,NE,NE,NE,NE,0%,0%,0%,0%,0%,0%,NE,NE,NE,NE,NE,NE,NE,NE,NE,NE,NE,NE,NE,NE,NE,NE,NE,NE,NE,NE,NE,NE,NE,NE,NE,NE,NE,NE,NE,NE,NE,NE,NE,NE,NE,NE,NE,NE,NE,NE,NE,NE,NE,NE,NE,,,,,,,0%,0%,0%,0%,0%,0%,0%,0%,0%,0%,0%,0%,,,,,,,,,,,,,0%,,,3%,,,,,0%,0%,0,0%,NE,NE,NE,NE,0%,0%,0%,0%,0%,0%,0,0%,NE,NE,NE,NE,0%,0%,0%,0%,,,,,,,,,0%,0%,,,,,,,,,0,0,NE,NE,0,0,,,,,0,0,NE,NE,0,0,,,,,1,0,0%
1,211,4277,143379,St Paul's Way Trust School,,125 St Paul's Way,,,London,E3 4FT,02079871883,E14000882,Poplar and Limehouse,0,0,ACC,None,NSE,OTHER NON SEL,MIXED,0,1,1,4-18,1805,1001,804,236,120,51%,116,49%,104.9,53,23%,122,52%,58,25%,122,52%,114,48%,206,87%,30,13%,0,0%,232,98%,15,6%,19,8%,4,2%,12976.5,55,2867,12.1,2526,10.7,3786.5,16,3797,16.1,3240,13.7,557,2.4,2.9,2.9,233,0,99%,0.34,0.15,0.52,0.34,0.15,0.52,0.6,0.39,0.8,0.32,0.13,0.52,0.34,0.13,0.55,0.17,-0.04,0.38,78%,61%,1147.18,4.86,4.47,5.28,3.12,4.98,6.29,4.86,5.02,4.7,4.92,,,,,,,93,39%,29%,25%,225,95%,235,100%,233,99%,181,77%,117,50%,88%,81%,80%,63%,74%,60%,75%,69%,84%,76%,230,99%,180,99%,116,99%,0.35,0.16,0.54,0.39,0.13,0.65,0.4,0.04,0.76,207,190,188,148,173,140,136,124,98,89,90,38%,225,95%,230,97%,233,100%,179,99%,115,98%,51.1,121,0,0.08,-0.18,0.33,0.08,-0.18,0.33,59.1,112,0,0.62,0.36,0.88,0.62,0.35,0.88,11.4,0.32,0.03,0.61,9.9,0.07,-0.21,0.34,14.7,0.03,-0.26,0.32,15.1,-0.04,-0.33,0.25,13,0.9,0.6,1.19,11.6,0.6,0.32,0.89,17.5,0.67,0.36,0.97,17.1,0.39,0.09,0.69,12.5,2.6,15,2.1,-1.7,-0.07,38.2,53,0,0.48,0.1,0.85,0.48,0.09,0.86,55.8,122,0,0.44,0.19,0.69,0.44,0.18,0.69,69.4,58,0,0,-0.36,0.36,0,-0.37,0.37,54.9,12.3,10.6,16,16.1,13.7,2.4,204,0,0.4,0.21,0.6,0.4,0.21,0.6,56.3,12.9,10.5,16.2,16.7,15.3,1.4,115,0,0.44,0.18,0.7,0.44,0.17,0.7,53.7,11.4,10.9,15.9,15.5,12.2,3.3,118,0,0.24,-0.02,0.49,0.24,-0.02,0.5,55.5,12.3,10.8,16.3,16.2,13.9,2.4,230,0,0.37,0.19,0.55,0.37,0.18,0.55,,,,,,,,,,,,,,,,,,,,,,,,,,,,,,,13,25%,11%,6%,55,45%,33%,30%,24,41%,36%,34%,34%,45%,23%,21%,35%,30%,0.43,0.5,-0.02,0.11,0.61,1.14,0.31,0.08,0.2,0.59,-0.17,0.67,0.2,0.13,0.64,0.38,-0.15,0.88,0.33,0.83,0.03,0.76,0.23,0.36,-0.39,0.57,-0.17,0.96,0.22,1.78,0.51,0.65,-0.04,0.6,-0.44,0.65,-0.39,1.13,0.15,0.73,-1.07,1.15,0.19,0.85,-0.46,,,,,,,33%,21%,19%,47%,37%,32%,40%,29%,26%,41%,30%,26%,,,,,,,,,,,,,73%,,,100%,,,,,71%,84%,26,49%,101,83%,55,95%,76%,79%,78%,78%,55%,68%,15,28%,75,61%,53,91%,62%,60%,60%,62%,,,,,,,,,2%,23%,,,,,,,,,8,7.3,8.1,8.6,7.8,8.2,,,,,7.6,6.8,7.6,8.5,7.4,7.9,,,,,1895,227,12%
1,211,4722,100977,Stepney All Saints Church of England Secondary School,,Stepney Way,Stepney,,London,E1 0RH,02077906712,E14000555,Bethnal Green and Bow,0,0,VA,Church of England,NSE,OTHER NON SEL,MIXED,0,0,1,11-18,1480,822,658,204,113,55%,91,45%,104.9,36,18%,111,55%,55,27%,103,50%,101,50%,127,62%,77,38%,0,0%,199,98%,15,7%,29,14%,14,7%,11680.5,57.3,2404,11.8,2350,11.5,3337,16.4,3589.5,17.6,2879.5,14.1,710,3.5,2.9,3,202,0,99%,0.55,0.36,0.74,0.55,0.35,0.75,0.4,0.18,0.62,0.73,0.52,0.94,0.41,0.19,0.64,0.67,0.44,0.89,82%,64%,1074.3,5.27,5.01,5.52,3.07,5.04,7.18,5.13,5.31,5.23,5.3,,,,,,,176,86%,51%,38%,203,100%,204,100%,203,100%,197,97%,177,87%,89%,80%,86%,68%,73%,60%,75%,64%,66%,53%,201,99%,195,99%,176,99%,0.27,0.06,0.47,0.18,-0.07,0.43,-0.26,-0.55,0.03,181,163,176,138,148,121,147,127,116,94,163,80%,203,100%,203,100%,200,99%,192,97%,167,94%,55,102,0,0.33,0.06,0.6,0.33,0.05,0.61,59.6,100,0,0.78,0.5,1.05,0.78,0.49,1.06,11.3,0.17,-0.14,0.48,11.1,0.54,0.25,0.84,15.5,0.16,-0.16,0.48,17,0.46,0.15,0.78,12.2,0.63,0.31,0.94,11.9,0.91,0.61,1.21,17.2,0.68,0.36,1,18.2,0.88,0.56,1.2,13.3,3.6,14.9,3.3,2.2,0.18,36.7,36,0,0.58,0.12,1.04,0.58,0.11,1.05,55.3,111,0,0.52,0.26,0.78,0.52,0.25,0.78,75,55,0,0.6,0.23,0.97,0.6,0.22,0.98,56.1,11.5,11.2,16,17.4,13.5,3.9,125,0,0.6,0.35,0.84,0.6,0.34,0.85,57.8,12.5,11,16.2,18.1,16.4,1.7,91,0,0.65,0.36,0.94,0.65,0.36,0.95,56.8,11.2,11.9,16.5,17.2,12.3,4.9,111,0,0.47,0.2,0.73,0.47,0.2,0.73,57.7,11.8,11.6,16.5,17.8,14.3,3.5,198,0,0.58,0.38,0.77,0.58,0.38,0.78,,,,,,,,,,,,,,,,,,,,,,,,,,,,,,,19,53%,14%,8%,101,91%,49%,32%,55,100%,84%,73%,84%,88%,48%,33%,55%,44%,-0.03,0.19,0.61,0.03,0.5,0.11,0.1,0.39,-0.15,0.51,0.03,-0.29,-0.31,-0.4,-0.13,0.32,-0.25,0.79,0.21,0.45,-0.51,0.46,-0.08,1,0.22,0.21,-0.5,0.87,0.15,0.75,-0.54,0.44,-0.24,0.86,-0.09,0.01,-0.81,0.28,-0.53,0.91,-0.85,0.09,-0.67,0.2,-0.83,,,,,,,85%,47%,36%,88%,57%,41%,88%,53%,39%,87%,46%,33%,,,,,,,,,,,,,81%,,,100%,,,,,76%,89%,15,42%,97,87%,55,100%,81%,85%,83%,82%,59%,68%,6,17%,71,64%,52,95%,65%,62%,61%,65%,,,,,,,,,2%,14%,,,,,,,,,8.9,7.9,8.9,9.4,8.8,8.9,,,,,8.1,7,8.1,8.9,8,8.2,,,,,1818,3,0%
1,211,4297,100973,Swanlea School,,31 Brady Street,Whitechapel,,London,E1 5DJ,02073753267,E14000555,Bethnal Green and Bow,0,0,CY,Does not apply,NSE,OTHER NON SEL,MIXED,0,0,1,11-18,1257,815,442,208,131,63%,77,37%,104.3,38,19%,118,58%,46,23%,123,59%,85,41%,179,86%,29,14%,0,0%,203,98%,11,5%,48,23%,37,18%,11874,57.1,2577,12.4,2562,12.3,3536.5,17,3198.5,15.4,1967.5,9.5,1231,5.9,2.9,2.8,202,0,97%,0.66,0.47,0.85,0.66,0.46,0.86,0.84,0.61,1.06,1.26,1.05,1.47,0.77,0.54,0.99,0.04,-0.19,0.26,88%,79%,1119.91,5.38,5.17,5.7,3.24,5.32,7.49,5.36,5.66,5.22,5.42,,,,,,,135,65%,42%,33%,202,97%,203,98%,202,97%,201,97%,136,65%,93%,88%,89%,80%,86%,69%,78%,69%,67%,57%,197,98%,196,98%,134,99%,0.86,0.65,1.06,0.51,0.26,0.77,-0.35,-0.68,-0.02,194,184,185,167,174,139,156,138,91,77,131,63%,202,97%,202,97%,202,100%,198,99%,133,98%,55,121,0,0.67,0.42,0.93,0.67,0.42,0.93,60.2,81,0,0.64,0.33,0.94,0.64,0.32,0.95,12.2,0.91,0.62,1.2,11.7,1.24,0.96,1.51,16.3,0.8,0.51,1.09,14.7,0.02,-0.27,0.31,12.7,0.72,0.37,1.07,13.2,1.29,0.96,1.62,18,0.72,0.37,1.08,16.3,0.06,-0.29,0.42,8.8,5.9,10.4,5.9,2.2,0.52,37.9,38,0,0.77,0.33,1.22,0.77,0.32,1.23,56.7,118,0,0.69,0.44,0.95,0.69,0.44,0.95,75.6,46,0,0.48,0.07,0.88,0.48,0.06,0.89,56.8,12.2,12.3,16.9,15.3,9.3,6,173,0,0.69,0.48,0.9,0.69,0.47,0.9,59.8,13.2,12.1,17.7,16.9,11.1,5.8,75,0,0.94,0.62,1.25,0.94,0.61,1.26,55.5,11.9,12.4,16.6,14.5,8.5,6,127,0,0.5,0.25,0.74,0.5,0.25,0.75,57.5,12.4,12.4,17.1,15.5,9.5,6,198,0,0.68,0.48,0.87,0.68,0.48,0.88,,,,,,,,,,,,,,,,,,,,,,,,,,,,,,,10,26%,11%,0%,79,67%,36%,26%,44,96%,85%,80%,63%,68%,37%,28%,49%,41%,0.87,0.95,0.6,0.86,0.85,0.77,0.48,0.41,0.58,0.41,-0.57,-0.58,0.11,-0.32,-0.39,1.13,0.6,1.17,0.52,1.37,0.38,1.21,0.68,1.02,0.18,0.91,0.26,0.8,0.01,1.37,0.16,0.81,0.15,0.93,-0.11,0.11,-0.76,0.12,-0.89,0.64,-1.78,-0.15,-1.01,0.69,-0.47,,,,,,,61%,34%,27%,71%,55%,43%,66%,42%,33%,66%,43%,34%,,,,,,,,,,,,,85%,,,98%,,,,,86%,92%,23,61%,111,94%,46,100%,89%,87%,89%,89%,75%,85%,12,32%,103,87%,46,100%,82%,73%,80%,79%,,,,,,,,,3%,14%,,,,,,,,,8.1,7.2,8.1,9.1,7.9,8.4,,,,,7,5.7,7,8.4,6.8,7.3,,,,,1683,235,14%
1,211,4000,138202,Wapping High School,,153 Commercial Road,,,London,E1 2DA,02035973671,E14000555,Bethnal Green and Bow,0,0,F,None,NSE,OTHER NON SEL,MIXED,0,0,0,11-16,362,200,162,71,34,48%,37,52%,103.3,16,32%,25,50%,9,18%,31,44%,40,56%,41,58%,29,41%,1,1%,55,77%,1,1%,13,18%,12,17%,3254,45.8,738,10.4,644,9.1,971,13.7,901,12.7,730.5,10.3,170.5,2.4,2.8,2.6,50,1,70%,-0.08,-0.47,0.31,-0.09,-0.49,0.31,0.22,-0.22,0.67,0.03,-0.4,0.45,-0.17,-0.62,0.28,-0.3,-0.76,0.15,68%,49%,283.79,4,3.62,4.29,3.14,3.99,5.72,3.93,4.2,3.77,4.04,,,,,,,11,15%,11%,10%,69,97%,70,99%,68,96%,50,70%,29,41%,70%,61%,76%,54%,56%,40%,66%,52%,93%,93%,48,71%,43,86%,11,LOWCOV,-0.22,-0.63,0.2,-0.16,-0.7,0.37,LOWCOV,LOWCOV,LOWCOV,50,43,54,38,38,27,33,26,27,27,11,15%,68,96%,68,96%,67,99%,48,96%,29,100%,42.4,27,0,-0.58,-1.11,-0.05,-0.58,-1.12,-0.04,48.5,23,1,0.5,-0.08,1.08,0.48,-0.11,1.07,9.8,-0.12,-0.73,0.49,8.6,-0.39,-0.96,0.19,12.2,-0.75,-1.37,-0.13,11.7,-0.85,-1.46,-0.24,10.9,0.62,-0.03,1.28,9.4,0.51,-0.11,1.14,14.8,0.51,-0.16,1.18,13.5,0.34,-0.33,1,9.2,2.5,11.2,2.3,-10.4,-0.73,37.3,16,0,0.28,-0.41,0.97,0.28,-0.42,0.99,47.6,25,1,-0.33,-0.88,0.23,-0.34,-0.91,0.22,66.6,9,0,-0.07,-0.99,0.85,-0.07,-1,0.87,44.5,9.8,9.2,13.8,11.7,9.7,2,22,0,0.35,-0.23,0.94,0.35,-0.25,0.96,48.7,11.1,9.2,14.5,14,12.8,1.2,24,1,-0.19,-0.75,0.37,-0.21,-0.78,0.37,42.7,9.6,8.9,12.8,11.3,7.6,3.7,26,0,0.01,-0.53,0.56,0.01,-0.54,0.57,46.9,10.6,9.3,13.6,13.4,10.6,2.8,42,0,0.02,-0.41,0.44,0.02,-0.42,0.45,,,,,,,,,,,,,,,,,,,,,,,,,,,,,,,1,6%,0%,0%,3,12%,8%,4%,2,22%,22%,22%,6%,23%,6%,3%,15%,15%,0.14,-0.23,-0.82,-0.66,0.3,-0.09,-0.34,0.16,-0.77,0.59,SUPP,LOWCOV,SUPP,SUPP,LOWCOV,-0.09,-1.22,0.92,-0.31,0.86,-0.58,0.37,-0.83,0.14,-1.78,-0.04,-1.49,1.4,-0.22,0.85,-1.03,0.43,-1.11,1.41,-1.09,SUPP,SUPP,LOWCOV,LOWCOV,SUPP,SUPP,LOWCOV,LOWCOV,SUPP,SUPP,,,,,,,15%,9%,6%,16%,14%,14%,16%,13%,11%,12%,7%,7%,,,,,,,,,,,,,56%,,,99%,,,,,65%,70%,8,50%,20,80%,9,100%,65%,70%,66%,71%,39%,58%,5,31%,13,52%,8,89%,38%,59%,51%,51%,,,,,,,,,7%,7%,,,,,,,,,6.9,6.9,6.8,7.6,6.9,6.8,,,,,6.3,6.3,6.1,7,6.3,6.3,,,,,492,1,0%
4,211,,,,,,,,,,,,,,0,,,,,,,,,,19918,9887,10031,3088,1513,49%,1575,51%,103.8,672,24%,1553,54%,633,22%,1625,53%,1463,47%,1882,61%,1109,36%,8,0%,2902,94%,175,6%,470,15%,295,10%,153772.3,49.8,33675,10.9,30326,9.8,44713.5,14.5,45057.8,14.6,39312,12.7,5745.8,1.9,2.7,2.7,2858,30,93%,0.09,0.04,0.14,0.09,0.03,0.14,0.28,0.22,0.33,0.17,0.11,0.23,0.05,-0.01,0.11,-0.07,-0.13,-0.01,71%,55%,13711.17,4.44,4.2,4.7,2.66,4.58,6.42,4.66,4.66,4.22,4.59,4.47,4.36,4.61,4.61,4.38,4.9,1617,52%,29%,22%,2860,93%,2951,96%,2890,94%,2535,82%,1828,59%,81%,72%,74%,58%,71%,54%,70%,58%,68%,58%,2722,,2417,,1704,,,,,,,,,,,2511,2208,2286,1796,2063,1555,1767,1465,1234,1067,1346,44%,2851,92%,2895,94%,2841,98%,2468,97%,1578,86%,47.7,1567,10,0,-0.07,0.07,-0.01,-0.08,0.06,52.2,1291,20,0.21,0.13,0.29,0.2,0.12,0.28,10.6,0.18,0.1,0.26,9.4,0.1,0.02,0.17,13.7,-0.06,-0.14,0.02,14,-0.16,-0.24,-0.08,11.3,0.39,0.3,0.48,10.3,0.26,0.17,0.34,15.4,0.19,0.1,0.28,15.2,0.05,-0.04,0.13,12,2,13.5,1.7,-5.1,-0.15,31.9,672,0,0.07,-0.03,0.18,0.07,-0.03,0.18,51.8,1553,18,0.12,0.05,0.19,0.12,0.05,0.19,69.3,633,12,0.04,-0.07,0.15,0.02,-0.09,0.13,51.9,11.3,10.3,15.3,15,13.1,1.9,1747,6,0.27,0.21,0.34,0.27,0.2,0.34,52.3,11.7,9.7,15,15.8,14.4,1.4,1464,15,0.29,0.21,0.36,0.28,0.2,0.35,47.2,10,9.9,13.9,13.3,11,2.3,1394,15,-0.11,-0.18,-0.03,-0.12,-0.19,-0.04,51.5,11.3,10.1,14.9,15.1,13.2,1.9,2774,15,0.15,0.1,0.21,0.15,0.09,0.2,50.1,2817,0.15,0.1,0.2,49.5,1649,0.07,0,0.13,50.8,1168,0.27,0.2,0.34,51.7,2716,0.08,0.03,0.13,49.7,1559,-0.05,-0.11,0.02,54.2,1157,0.25,0.18,0.33,212,32%,7%,3%,865,56%,29%,20%,464,73%,56%,49%,49%,57%,25%,18%,34%,26%,,,,,,,,,,,,,,,,,,,,,,,,,,,,,,,,,,,,,,,,,,,,,,54%,36%,24%,55%,38%,26%,47%,23%,17%,58%,35%,26%,55%,30%,23%,57%,30%,23%,52%,33%,21%,55%,40%,28%,51%,33%,21%,60%,44%,32%,67%,70%,71%,96%,73%,51%,74%,54%,67%,76%,232,35%,1255,81%,614,97%,69%,74%,76%,74%,50%,60%,116,17%,911,59%,577,91%,53%,56%,58%,57%,72%,47%,75%,56%,71%,50%,78%,60%,3%,19%,1686,55%,1396,45%,1628,55%,1339,45%,8.1,7,8.4,9.2,8,8.2,8.2,7.7,8.2,8.2,7.6,6.4,7.9,8.9,7.5,7.8,7.7,7.4,7.7,7.7,25105,1541,6%
5,,,,,,,,,,,,,,,0,,,,,,,,,,4049086,2062519,1986559,650205,334214,51%,315991,49%,,,,,,,,,,,,,,,,,,,,,,,,,,30488367,46.9,6392981.3,9.8,5766803.3,8.9,9008620.2,13.9,9319962.2,14.3,7682865.4,11.8,1637096.8,2.5,2.7,2.7,,,,,,,,,,,,,,,,,,,,,,64%,46%,2653819.74,4.08,,,,,,,4.33,,4.28,4.17,,,4.24,,,232326,36%,25%,19%,575645,89%,589694,91%,582768,90%,501822,77%,288090,44%,74%,62%,68%,51%,70%,52%,71%,59%,77%,67%,526854,,455359,,246093,,,,,,,,,,,480408,400211,443044,334386,407577,305070,355193,293635,223208,193257,221466,34%,572655,88%,578609,89%,574182,99%,489308,98%,278251,97%,,,,,,,,,,,,,,,,,,,,,,,,,,,,,,,,,,,,,,,,,,,,,,,,,,,,,,,,,,,,,,,,,,,,,,,,,,,,,,,,,,,,,,,,,,,,,,,,,,,49.8,10.7,9,14.5,15.7,13.1,2.6,,,,,,,,,44.1,9,8.8,13.3,13.1,10.7,2.5,,,,,,,,,,,,,,,,,,,,,,,,48.1,,,,,,,,,,,,,,,48.9,,,,,,,,,,,,,,,,,,,,,,,,,,,,,,,,,,,,,,,,,,,,,,,,,,,,,,,,,,,,,,,,,,,,,,,,,,,,,,36%,27%,20%,36%,27%,20%,31%,20%,15%,41%,29%,23%,,,,,,,,,,,,,,,,,,,60%,63%,64%,96%,66%,46%,67%,48%,,,,,,,,,61%,67%,,,,,,,,,,,43%,50%,,,,,,,,,,,4%,25%,,,,66%,,,,66%,7.6,,,,,,,,,,7
7,,,,,,,,,,,,,,,0,,,,,,,,,,3620352,1846555,1773789,587660,300517,51%,287143,49%,103.5,145112,26%,287383,52%,121033,22%,154849,26%,432811,74%,100173,17%,484114,82%,2076,0%,565415,96%,24852,4%,92388,16%,67536,11%,28661352.6,48.8,6101046,10.4,5551528,9.4,8343399.9,14.2,8665378.6,14.7,7048664.9,12,1616713.8,2.8,2.8,2.8,553527,5611,94%,-0.03,,,-0.04,,,-0.05,,,-0.03,,,-0.04,,,-0.04,,,69%,50%,2511594,4.27,3.19,4.66,2.4,4.36,6.41,4.58,4.5,4.06,4.33,4.39,3.39,4.74,4.45,3.4,4.82,227595,39%,27%,20%,556917,95%,567822,97%,557972,95%,478534,81%,263554,45%,79%,65%,73%,55%,69%,51%,70%,57%,76%,66%,526854,,455359,,246093,,,,,,,,,,,463082,384059,427466,321579,385863,286042,333691,273587,201362,172926,217195,37%,554112,94%,558269,95%,549988,99%,466271,97%,255349,97%,37.6,146046,2846,-0.55,-0.55,-0.54,-0.56,-0.57,-0.55,52.8,407481,2765,0.15,0.15,0.16,0.15,0.14,0.15,8.3,-0.52,-0.53,-0.51,7.2,-0.49,-0.49,-0.48,10.6,-0.59,-0.6,-0.58,11.5,-0.6,-0.61,-0.59,11.1,0.13,0.12,0.13,10.2,0.14,0.13,0.14,15.5,0.16,0.16,0.17,15.9,0.15,0.15,0.16,8.5,2.9,13.2,2.7,,,29.7,145112,0,-0.13,-0.14,-0.12,-0.13,-0.14,-0.12,50.3,287382,3867,0,-0.01,0,-0.01,-0.02,0,69.6,121033,1744,0.02,0.01,0.03,0,-0.01,0.01,50.6,10.6,9.9,15.3,14.9,12.7,2.2,81705,308,0.55,0.54,0.56,0.54,0.53,0.55,51.4,11.2,9.5,14.7,16,13.1,2.8,271239,2645,0.15,0.15,0.16,0.15,0.14,0.15,46.3,9.6,9.4,13.7,13.6,10.9,2.7,282288,2966,-0.21,-0.21,-0.2,-0.22,-0.22,-0.21,49.4,10.5,9.6,14.4,15,12.2,2.8,539787,4891,0,0,0,-0.01,-0.01,0,50.2,531592,-0.03,,,40.2,140390,-0.46,-0.47,-0.46,53.7,391202,0.12,0.12,0.13,50.9,542023,-0.03,,,40.3,143689,-0.52,-0.53,-0.51,54.7,398334,0.14,0.14,0.15,23122,16%,4%,2%,115068,40%,26%,17%,76391,63%,57%,51%,27%,43%,14%,9%,31%,24%,0,0,0,-0.4,0.13,-0.01,0,0,-0.52,0.16,0,0,0,-0.34,0.08,,,,,,,,,,,,,,,,,,,,,,,,,,,,,,,40%,30%,21%,39%,30%,22%,34%,22%,17%,44%,32%,24%,39%,27%,21%,51%,33%,25%,28%,17%,10%,44%,35%,25%,27%,16%,10%,43%,34%,26%,65%,69%,70%,97%,71%,50%,72%,52%,48%,76%,41311,28%,226805,79%,117137,97%,66%,72%,70%,70%,30%,57%,14768,10%,154213,54%,109778,91%,47%,53%,53%,51%,53%,30%,78%,57%,53%,32%,79%,59%,3%,26%,146214,26%,415780,74%,151987,26%,423876,74%,8,6.9,8.2,9.1,7.2,8.3,7.4,8.4,7.4,8.4,7.3,6,7.4,8.7,6.4,7.6,6.6,7.8,6.6,7.7,4758273,91374,2%